TimeWindow,IsInfiltrationState,MSE,Top5_Error,Top10_Error
2018-03-01 01:10:00,0,0.0948228776408335,0.7035011006669574,0.6015555296837728
2018-03-01 01:11:00,0,0.0883189374969273,0.6836893928827994,0.6134547260886187
2018-03-01 01:12:00,0,0.20837390612942053,1.1550425383986695,0.992669186356891
2018-03-01 01:13:00,0,0.8081369762218044,2.0256672963595017,1.861313840284637
2018-03-01 01:14:00,0,0.4312090474757399,1.5559715225097928,1.410954233025017
2018-03-01 01:15:00,0,0.3653811205399015,1.5296735324895008,1.3015924854846073
2018-03-01 01:16:00,0,0.448661555989551,1.6984647976302867,1.4645586876364176
2018-03-01 01:17:00,0,0.47279765319184053,1.6210414624521583,1.4021182538781634
2018-03-01 01:18:00,0,0.7496632030959539,2.203977783845997,1.8980283950085322
2018-03-01 01:19:00,0,0.271325005120488,1.4769984203511943,1.1872150501832723
2018-03-01 01:20:00,0,0.682776117388729,1.9581489972443986,1.7694913818228997
2018-03-01 01:21:00,0,0.3528467572622972,1.6384822801356722,1.3552726251837794
2018-03-01 01:22:00,0,0.1496345630386304,0.879579390347853,0.7488694600439197
2018-03-01 01:23:00,0,0.4360296217938161,1.7586657268067936,1.4986551187248516
2018-03-01 01:24:00,0,0.13576024380211393,0.8611543130610226,0.7390978212895496
2018-03-01 01:25:00,0,0.5753960346917651,1.6966747626776684,1.5145914081849368
2018-03-01 01:26:00,0,0.06179350933086498,0.6044228346736008,0.5217776317389389
2018-03-01 01:27:00,0,0.13305716592908834,0.8374906907635753,0.7482809790547083
2018-03-01 01:28:00,0,0.24381799837493573,1.3788608515898328,1.1403543808202918
2018-03-01 01:29:00,0,0.42535797169194495,1.8846280138125777,1.4170363518350266
2018-03-01 01:30:00,0,0.18753425597109658,1.1783743620745066,0.9462589825597529
2018-03-01 01:31:00,0,0.20115874727572175,0.9329970101128453,0.8792468454700749
2018-03-01 01:32:00,0,0.7042226383180885,1.8072818927745415,1.6905706308720414
2018-03-01 01:33:00,0,1.2423647063933927,2.628607457680924,2.4290386227452485
2018-03-01 01:34:00,0,0.2770077145391633,1.0278854889766675,0.9584696416110413
2018-03-01 01:35:00,0,0.7651747417183239,2.2621146372269445,1.9449535166493752
2018-03-01 01:36:00,0,0.36010774653761607,1.352789354209925,1.2140679828484502
2018-03-01 01:37:00,0,0.35760952297168097,1.5546265459278854,1.2706954808277033
2018-03-01 01:38:00,0,0.2478428242797835,1.3182528525419288,1.0719583395137318
2018-03-01 01:39:00,0,0.19663711978076143,1.2228296050893688,1.0148448896363482
2018-03-01 01:40:00,0,0.08881962955375139,0.7560369615939448,0.6055985494465801
2018-03-01 01:41:00,0,0.7324253337304636,2.1888402122976096,1.7980720492264222
2018-03-01 01:42:00,0,0.6236928372056492,2.3506778940744137,1.8375606186497175
2018-03-01 01:43:00,0,0.1358408116229907,0.7335730329386945,0.6795229297367904
2018-03-01 01:44:00,0,0.23018681679664746,1.3271023155398498,1.0672658886573592
2018-03-01 01:45:00,0,0.10286327892744693,0.9045453727875437,0.766529001721963
2018-03-01 01:46:00,0,0.1419858087451378,0.952440655701453,0.8123355749269164
2018-03-01 01:47:00,0,0.17660675952825458,1.328216857384901,0.9826779185976446
2018-03-01 01:48:00,0,0.652894345528053,1.892158568692808,1.6754556107896037
2018-03-01 01:49:00,0,0.12099256718078275,0.8611579501313542,0.7508680372524899
2018-03-01 01:50:00,0,0.1619865009728323,1.1775312623755911,0.8579004871094942
2018-03-01 01:51:00,0,0.21306683028225734,1.4011712554509443,1.0562013239226826
2018-03-01 01:52:00,0,0.12604421719648284,0.9441643247583629,0.7982779674752722
2018-03-01 01:53:00,0,0.15634947075302327,0.9765414598197284,0.8850835696533202
2018-03-01 01:54:00,0,0.2696120487474054,1.3543297288489273,1.1175180540750291
2018-03-01 01:55:00,0,0.11047473357046712,0.8407012449375987,0.726969931629921
2018-03-01 01:56:00,0,0.12902076175361435,0.8899005466191674,0.7572941991798541
2018-03-01 01:57:00,0,0.4214597110695552,1.458749002833374,1.309947187749632
2018-03-01 01:58:00,0,0.37063868875559774,1.4406687886528562,1.3063478614872435
2018-03-01 01:59:00,0,0.28236678824731104,1.3842030610641525,1.1970704849226654
2018-03-01 02:00:00,1,1.4014155706342004,2.870058039644028,2.5697277617827927
2018-03-01 02:01:00,1,0.13184392017117882,0.8806003322831364,0.7707161614540643
2018-03-01 02:02:00,1,0.6941360730870755,1.7842840833733455,1.6090727302780496
2018-03-01 02:03:00,1,0.20062356771756382,1.0144961374051333,0.9023499411944972
2018-03-01 02:04:00,1,0.12258220066060062,0.7191277986936907,0.6656460159527299
2018-03-01 02:05:00,1,0.21142107293080015,1.1429663956079865,1.005852911820267
2018-03-01 02:06:00,1,0.2978437669732693,1.1946418904457548,1.1304421252359549
2018-03-01 02:07:00,1,0.3603645434001695,1.4187886534769012,1.296308953560764
2018-03-01 02:08:00,1,0.10594389042002728,0.817041166520599,0.7214163187276477
2018-03-01 02:09:00,1,0.580738189007125,1.7571535069624233,1.544544313496682
2018-03-01 02:10:00,1,0.09975312355128434,0.8464414951873618,0.6588700265400356
2018-03-01 02:11:00,1,0.1212454081726193,0.8087733746472001,0.7267341537645738
2018-03-01 02:12:00,1,0.06705827177144269,0.7044105536595773,0.575789937406598
2018-03-01 02:13:00,1,0.3342184698563123,1.5670907029583347,1.2990482665523144
2018-03-01 02:14:00,1,1.7890328940189644,3.898552701273418,2.459124007680368
2018-03-01 02:15:00,1,0.902497192057955,2.3483537002694774,1.9933864434668134
2018-03-01 02:16:00,1,3.136657039622032,5.651099854895838,3.514399232318019
2018-03-01 02:17:00,1,0.6079448005392852,2.109612432107279,1.7522203878544282
2018-03-01 02:18:00,1,0.752191350741789,2.163875508557109,1.8777421893668786
2018-03-01 02:19:00,1,0.12122635356564285,0.8243838127294574,0.7235764702055876
2018-03-01 02:20:00,1,0.08552139772172547,0.8066921995429581,0.7049953377204774
2018-03-01 02:21:00,1,0.37060362290164445,1.371453458886644,1.2086197129861707
2018-03-01 02:22:00,1,0.1864429517716274,1.1017691860908756,0.9086603647116865
2018-03-01 02:23:00,1,0.11862492228551892,0.9831763493942567,0.7500308008709917
2018-03-01 02:24:00,1,0.26146981759285504,1.421685224983016,1.0938017061313985
2018-03-01 02:25:00,1,3.030885311257728,5.198074037090893,3.119064791195747
2018-03-01 02:26:00,1,25.79301325595869,13.189031242388543,6.8378258313572555
2018-03-01 02:27:00,1,132.63599499259442,37.11362579415875,19.495683195518538
2018-03-01 02:28:00,1,3.17901180099001,5.259278783347492,3.477601003872556
2018-03-01 02:29:00,1,11.986109223433914,12.709310186175198,7.392514849558998
2018-03-01 02:30:00,1,9.065777041189186,8.680963820825134,6.582126512444489
2018-03-01 02:31:00,1,5.001001435624281,7.9580718127692,4.53035492475521
2018-03-01 02:32:00,1,26.268309337191635,13.642682965387849,7.284644251061755
2018-03-01 02:33:00,1,34.23094946505245,17.42204200454094,9.560691543638523
2018-03-01 02:34:00,1,5.296780489775524,6.480972826417258,3.730676707788061
2018-03-01 02:35:00,1,23.386091241238645,12.84746526581838,6.919207197508714
2018-03-01 02:36:00,1,0.19944771682696025,1.0166430478478754,0.8775999908102662
2018-03-01 02:37:00,1,16.110261238970246,13.07755990298106,9.079230049364899
2018-03-01 02:38:00,1,103.74698598097442,27.086568471949306,14.309940611507633
2018-03-01 02:39:00,1,67.52954774432698,21.627759652148782,11.385022138582642
2018-03-01 02:40:00,1,13.321955562764565,11.435408585440394,8.14273888019436
2018-03-01 02:41:00,1,19.592873500967425,11.6628534267961,6.2474336870489235
2018-03-01 02:42:00,1,20.993778631056628,14.761869695655623,10.308308396671439
2018-03-01 02:43:00,1,0.282841908839091,1.1991378786917273,1.045589504381487
2018-03-01 02:44:00,1,0.14913373912886504,0.9782696498917092,0.8628138878729199
2018-03-01 02:45:00,1,98.40953684422831,26.002180776568913,13.64742247847226
2018-03-01 02:46:00,1,15.289095189354986,10.304243765714745,5.454727004125836
2018-03-01 02:47:00,1,0.26347729287010935,1.134924024479259,1.020243622071073
2018-03-01 02:48:00,1,0.2725665621552838,1.1973359266497297,1.0704628353758179
2018-03-01 02:49:00,1,0.10028491886361939,0.7870546196407073,0.6814650996620226
2018-03-01 02:50:00,1,0.566926098380104,1.6997850891408142,1.5027922423664717
2018-03-01 02:51:00,1,0.08980497014868545,0.7171424752364467,0.6326458023273464
2018-03-01 02:52:00,1,0.4622353422146651,1.30690391225223,1.2579250471516121
2018-03-01 02:53:00,1,0.42256626227158184,1.2518200100009576,1.2020695353195148
2018-03-01 02:54:00,1,0.3098076739312422,1.2436284519310234,1.0921288047305282
2018-03-01 02:55:00,1,0.1383052566072427,1.1880229111245242,0.8300115645957182
2018-03-01 02:56:00,1,0.34152533667511414,1.2056762616815826,1.1318929630493428
2018-03-01 02:57:00,1,0.09941724113216285,0.7899448535369462,0.6486066550479526
2018-03-01 02:58:00,1,0.34140878157727556,1.3028254932609462,1.195128492953533
2018-03-01 02:59:00,1,0.24197140036339002,1.2721349138417208,1.1366353243307796
2018-03-01 03:00:00,1,0.10971038056686347,0.9285881421385633,0.713461690394877
2018-03-01 03:01:00,1,0.17484040589793218,0.9586453512061048,0.8477756897628084
2018-03-01 03:02:00,1,0.08497734022726672,0.6925104111210274,0.6058524018785352
2018-03-01 03:03:00,1,0.41935524466059454,1.6603141143586213,1.4018627058776245
2018-03-01 03:04:00,1,0.5722444473085242,1.8990563472200788,1.7000874043303142
2018-03-01 03:05:00,1,0.4783593909609363,1.5537384050155187,1.3599031587464903
2018-03-01 03:06:00,1,0.09289836761497051,0.7580154526858458,0.6616738598172784
2018-03-01 03:07:00,1,0.6751449403868579,1.7161666793418426,1.6159689317794572
2018-03-01 03:08:00,1,0.45525868882836856,1.5855341892547539,1.4542447559109406
2018-03-01 03:09:00,1,0.3889728208102612,1.6337685695903648,1.3409068213569921
2018-03-01 03:10:00,1,0.06336496690726985,0.5661816938057898,0.48500017759086633
2018-03-01 03:11:00,1,0.8718647118459095,2.3266297287314353,1.936438742887301
2018-03-01 03:12:00,1,0.1458293218680778,1.0548758763006993,0.879198905461825
2018-03-01 03:13:00,1,0.5327576032716299,1.7983106638884767,1.5735645592633483
2018-03-01 03:14:00,1,0.17735775601906842,0.9360794876638716,0.8593467057308297
2018-03-01 03:15:00,1,0.2553850026996128,1.461565417329862,1.2451756039892845
2018-03-01 03:16:00,1,0.17557482023285603,1.187920923956831,0.9531571534530323
2018-03-01 03:17:00,1,0.11572099012492511,0.9457068464956653,0.715753767410489
2018-03-01 03:18:00,1,0.5321638285543632,1.8657326688448106,1.2512307803687235
2018-03-01 03:19:00,1,0.5200773856951573,2.2080691800000003,1.6193021360783302
2018-03-01 03:20:00,1,1.7025047149337993,3.852945720695396,2.4361870111215773
2018-03-01 03:21:00,1,0.1472568356863362,0.8110584131981282,0.707526959272631
2018-03-01 03:22:00,1,0.19142122238570222,1.2605096238050488,0.9833183472260885
2018-03-01 03:23:00,1,0.8398603898767505,2.1576986051334686,1.9093216989727864
2018-03-01 03:24:00,1,4.219952862337684,5.823622912812302,3.2678993050075333
2018-03-01 03:25:00,1,31.18076213405699,14.877701293573143,8.100798963834652
2018-03-01 03:26:00,1,2.2424606213652045,4.258218565310133,2.5080006891270217
2018-03-01 03:27:00,1,22.519948309499846,16.298266538781014,10.447661842872604
2018-03-01 03:28:00,1,40.97499913323782,16.683302680355705,8.692563283236716
2018-03-01 03:29:00,1,53.57879104359669,19.322557841073237,10.249016163233284
2018-03-01 03:30:00,1,12.84787486238669,9.806313371132697,5.338559316565956
2018-03-01 03:31:00,1,12.318776447724758,9.393895157235235,5.037929907543202
2018-03-01 03:32:00,1,75.84257130282231,23.238845940945446,12.433520816776484
2018-03-01 03:33:00,1,0.6860914012518448,1.626972789264991,1.5258934836215228
2018-03-01 03:34:00,1,0.12864882432195265,0.8242825581760279,0.7162449939159613
2018-03-01 03:35:00,1,1.461115702773012,3.668549227814252,2.3692350691432145
2018-03-01 03:36:00,1,59.48794083277322,20.19805769194121,10.577386297009962
2018-03-01 03:37:00,0,14.681564013353228,12.782420784297107,8.70242547049278
2018-03-01 03:38:00,0,0.279205841386388,1.2941302347651096,1.05788878653656
2018-03-01 03:39:00,0,0.3230131339687997,1.3023198454983906,1.14932019692777
2018-03-01 03:40:00,0,0.2589335356901402,1.1884275238195496,1.0719633223938347
2018-03-01 03:41:00,0,0.499400001171085,1.5334135307062067,1.3850277882576356
2018-03-01 03:42:00,0,0.7432713500370594,2.5435520099386144,1.944368951574964
2018-03-01 03:43:00,0,0.6482857386464376,2.0773729403878094,1.7771858016474575
2018-03-01 03:44:00,0,0.535996727600997,1.9026999631419894,1.552348798511499
2018-03-01 03:45:00,0,0.5376820880482515,2.134146510484582,1.7861302243841624
2018-03-01 03:46:00,0,0.6505183909089887,2.436626454722746,1.8718466993722458
2018-03-01 03:47:00,0,0.2275221819532143,1.4250524478171087,1.0808435158833263
2018-03-01 03:48:00,0,0.1276794399731428,0.7895324097724498,0.7239598187881612
2018-03-01 03:49:00,0,0.5508108280959759,1.5710130921304002,1.4276167255777226
2018-03-01 03:50:00,0,0.0731029101847322,0.7514715825264574,0.5967506618453411
2018-03-01 03:51:00,0,0.1356233383709014,1.1379705115139829,0.8620812745177153
2018-03-01 03:52:00,0,0.3257613850885298,1.229876990190289,1.1375112176723097
2018-03-01 03:53:00,0,0.2362157594805496,1.1190966898524242,0.9908062335988488
2018-03-01 03:54:00,0,0.39418283772016605,1.9083457341497838,1.4121470906008122
2018-03-01 03:55:00,0,0.21909128895649613,1.1195378320768232,0.9560308229802986
2018-03-01 03:56:00,0,0.15197381367636653,1.07929598950348,0.8878182736501239
2018-03-01 03:57:00,0,0.42294964883895514,1.6502508100021664,1.328603453916525
2018-03-01 03:58:00,0,0.28416093516440066,1.49024932675798,1.1823939921321585
2018-03-01 03:59:00,0,0.653337659259929,1.9760029000629342,1.7320634384291995
2018-03-01 04:00:00,0,2.410533371412343,3.9900870048336072,3.243244999842917
2018-03-01 04:01:00,0,0.1212597756994043,0.8738981074990042,0.7440090169455231
2018-03-01 04:02:00,0,0.3836140276972796,1.565878201941743,1.3172707837152835
2018-03-01 04:03:00,0,0.09754658376380008,0.790957040326776,0.669538956508726
2018-03-01 04:04:00,0,0.4650780395321733,1.7323425987814693,1.5734713274852983
2018-03-01 04:05:00,0,0.05466487032475714,0.6870374565282846,0.5580203626732346
2018-03-01 04:06:00,0,0.3563521888359155,1.5012822551271066,1.3502445838239663
2018-03-01 04:07:00,0,0.26141381095550464,1.1871165657255454,1.0508513780342381
2018-03-01 04:08:00,0,0.9424136883672406,2.6195731078376965,2.1116752828742045
2018-03-01 04:09:00,0,0.10719974780573246,0.9017577978404935,0.7653017565031217
2018-03-01 04:10:00,0,0.32063726784196994,1.3149171629142722,1.1538384818069003
2018-03-01 04:11:00,0,0.33269134440037956,1.5307777680834123,1.265597270198057
2018-03-01 04:12:00,0,0.09931530776473026,0.8311096494532425,0.6190113757264155
2018-03-01 04:13:00,0,0.33759058175507406,1.3204816934093768,1.2248461010090845
2018-03-01 04:14:00,0,0.24424023258546826,1.2881422155584077,1.055402561507726
2018-03-01 04:15:00,0,0.18258099582066653,1.1413759717590377,0.9251657735627562
2018-03-01 04:16:00,0,0.24395943477506601,1.2957023152945117,1.0562888114808355
2018-03-01 04:17:00,0,0.24430115010833933,1.2431506381862754,1.0705341382330023
2018-03-01 04:18:00,0,0.20978573481273385,1.1796850555329854,0.9968715880967304
2018-03-01 04:19:00,0,0.2267214804885861,1.2950605141202358,1.0093288577368074
2018-03-01 04:20:00,0,0.07951479005221614,0.7433400875938654,0.5945185093416764
2018-03-01 04:21:00,0,0.24930410986833998,1.1935038938135185,0.9826703504039133
2018-03-01 04:22:00,0,0.27553916343759693,1.087845158583246,0.9667485346594648
2018-03-01 04:23:00,0,0.16561755212104368,1.0486298788327437,0.8039516073233752
2018-03-01 04:24:00,0,0.3276620388906733,1.5772843637042266,1.208826891215614
2018-03-01 04:25:00,0,0.15757892622216563,0.9545492569423134,0.8262035256342799
2018-03-01 04:26:00,0,0.353503162701129,1.2812243072917944,1.1703136354044827
2018-03-01 04:27:00,0,1.1262706100642,2.4484451600857886,2.13529204574432
2018-03-01 04:28:00,0,0.2456957435806414,1.3716455657314914,1.1065147210902273
2018-03-01 04:29:00,0,0.5631160395964115,2.272999087526222,1.5951090364808775
2018-03-01 04:30:00,0,0.5467276937240259,1.60329015054687,1.4698459343280663
2018-03-01 04:31:00,0,0.21085982670481968,1.287403891666314,1.0041476476206703
2018-03-01 04:32:00,0,0.136966867010169,1.0472987139171654,0.7325196183360615
2018-03-01 04:33:00,0,0.16313181512802488,0.9351088987549072,0.84082681092031
2018-03-01 04:34:00,0,0.20162575645433933,1.2348698748922735,0.9638730768842629
2018-03-01 04:35:00,0,0.2873327743274039,1.3783355167321916,1.1028043659214424
2018-03-01 04:36:00,0,0.3254308593098049,1.3630258460322224,1.1761951246160192
2018-03-01 04:37:00,0,0.3765819337304396,1.4434462878973786,1.293151201015815
2018-03-01 04:38:00,0,0.1362240030789397,0.8472405439790753,0.7803329993739757
2018-03-01 04:39:00,0,0.13931048659304604,0.9032634457988491,0.7758750820732621
2018-03-01 04:40:00,0,0.6949035055094889,2.061977505420463,1.8966482145633177
2018-03-01 04:41:00,0,0.17211127357556277,0.9622851847675096,0.8669905823907555
2018-03-01 04:42:00,0,0.45509016898497523,1.589261432125875,1.4336053357067837
2018-03-01 04:43:00,0,0.1718620504274956,1.4186171202039677,0.949576234670463
2018-03-01 04:44:00,0,0.20932340750616563,0.9974610875831388,0.9077155723630901
2018-03-01 04:45:00,0,0.33986138702018304,1.1759720284468145,1.1143937784562352
2018-03-01 04:46:00,0,0.19710206686322487,1.3108886436838991,0.9431306738951803
2018-03-01 04:47:00,0,0.5160980819054506,1.5752003385738846,1.408988270293635
2018-03-01 04:48:00,0,0.27614174905554384,0.9974613515846814,0.9453401139712156
2018-03-01 04:49:00,0,0.1442667716720551,0.9909473937639346,0.7997679597856403
2018-03-01 04:50:00,0,0.25649406468953356,1.4184917206672913,1.0523594375258214
2018-03-01 04:51:00,0,0.18128187735597923,0.9557645959921846,0.8888522106003098
2018-03-01 04:52:00,0,0.27739718146577413,1.2336508157987756,1.0649748825615544
2018-03-01 04:53:00,0,0.08207383460105645,0.6743802801898671,0.6206208782634643
2018-03-01 04:54:00,0,0.2693073743244444,1.2547353359738267,1.1253756058977138
2018-03-01 04:55:00,0,0.1861098794107563,0.8980044481445105,0.8465006371496194
2018-03-01 04:56:00,0,0.19068560224824546,1.075855647666543,0.8978918593400402
2018-03-01 04:57:00,0,0.34544270255662457,1.470304450690673,1.2011177205657568
2018-03-01 04:58:00,0,0.19854160726822284,0.9863149832294994,0.8391242790592466
2018-03-01 04:59:00,0,0.5889057323819314,1.9472648464783417,1.629161832686022
2018-03-01 05:00:00,0,0.2411683715142784,1.2062507966451774,1.0868026970671258
2018-03-01 05:01:00,0,0.3220445481674374,1.3522637137837816,1.250930823384642
2018-03-01 05:02:00,0,0.15313388225593844,0.917454020321139,0.7765911951724502
2018-03-01 05:03:00,0,1.0156852128378733,2.292961070310757,2.1047293270830094
2018-03-01 05:04:00,0,0.3951476090130773,1.8813553174328135,1.446854379240532
2018-03-01 05:05:00,0,0.3605946143441747,1.5542400797324867,1.2620616493392007
2018-03-01 05:06:00,0,0.3096193961690928,1.5908757594340215,1.2364731102446251
2018-03-01 05:07:00,0,0.6491421226486394,1.8186622189671784,1.5128579226603946
2018-03-01 05:08:00,0,0.5687194296007592,2.337151149270187,1.6260803627448979
2018-03-01 05:09:00,0,0.34697708263153204,1.346947288661181,1.2277462701962478
2018-03-01 05:10:00,0,0.8641940179561991,2.9110965920864786,2.1824648416907486
2018-03-01 05:11:00,0,1.4427496313168904,3.5428607058140913,2.566208410312896
2018-03-01 05:12:00,0,0.345015668447447,1.3849649099245969,1.2301814956012866
2018-03-01 05:13:00,0,0.43675313472081956,2.0593690032703393,1.4903092106920224
2018-03-01 05:14:00,0,0.5780753639561984,1.9495030573739318,1.6559938133742136
2018-03-01 05:15:00,0,0.6759451322640687,1.9165407356074564,1.73714513704553
2018-03-01 05:16:00,0,0.42620407347010447,1.7470215652441325,1.4911752878230584
2018-03-01 05:17:00,0,0.410943308788851,1.4302283111245337,1.3062113060042637
2018-03-01 05:18:00,0,0.1129029498342882,0.7751084995986671,0.6810000916866936
2018-03-01 05:19:00,0,0.3860444974102379,1.4635710052619675,1.3617399770503167
2018-03-01 05:20:00,0,0.48259921610193957,1.7844145679443444,1.467539096357698
2018-03-01 05:21:00,0,0.2970430895446444,1.188952223673623,1.1291253780519317
2018-03-01 05:22:00,0,0.5766605858958173,1.915342287629055,1.692377300551557
2018-03-01 05:23:00,0,0.26027418295543703,1.3006905126405073,1.1419670283508532
2018-03-01 05:24:00,0,1.251916176070557,2.3103132125188166,2.098426539248265
2018-03-01 05:25:00,0,0.8650721085636339,2.047189523200062,1.8470446438716734
2018-03-01 05:26:00,0,0.8696358440744095,2.1286636085529382,1.9318708309882386
2018-03-01 05:27:00,0,0.383007257244986,1.4527197270256231,1.2806435148029822
2018-03-01 05:28:00,0,0.34995811119672815,1.4530168180517176,1.1840351697898719
2018-03-01 05:29:00,0,0.46303849714667167,1.5524960602281328,1.3743742278071531
2018-03-01 05:30:00,0,15.505879464662318,13.06110747245491,9.652417552061383
2018-03-01 05:31:00,0,1.6831107162316952,3.025224576852942,2.7214933337219915
2018-03-01 05:32:00,0,0.9971298086934555,2.701865868876004,2.3004244625170025
2018-03-01 05:33:00,0,1.5570585288422893,4.036410339343886,2.912108774945108
2018-03-01 05:34:00,0,0.4088173352183316,1.7162617714928377,1.381929386696839
2018-03-01 05:35:00,0,0.6783798905368165,2.4628868309406595,1.8426939321678248
2018-03-01 05:36:00,0,13.557998732117275,13.096499682652682,8.195870249683853
2018-03-01 05:37:00,0,1.5331779534664685,3.0389213623551123,2.731993082756643
2018-03-01 05:38:00,0,3.849640703624069,6.307887377702208,4.095250445115394
2018-03-01 05:39:00,0,0.677095192909654,2.251383162769785,2.02565372369968
2018-03-01 05:40:00,0,3.4995067186991204,5.812432150692797,4.160508963030152
2018-03-01 05:41:00,0,1.234603007431772,2.830740853444953,2.5209304178708942
2018-03-01 05:42:00,0,3.8134332961011848,6.589857804172441,4.508826145140155
2018-03-01 05:43:00,0,1.108410450213747,2.758198440032238,2.379288873440211
2018-03-01 05:44:00,0,0.4214396431825324,1.673206027803809,1.466911675617927
2018-03-01 05:45:00,0,6.314945464549361,8.089908000102975,6.225818464758471
2018-03-01 08:26:00,0,27.009066168492843,17.072384420086006,13.023353810537035
2018-03-01 08:27:00,0,0.2816946874740918,1.3698491933462784,1.1576719561916256
2018-03-01 08:28:00,0,0.9560643364390676,2.702261960516098,2.1794515168941246
2018-03-01 08:29:00,0,0.2761364911122907,1.4880030957904389,1.1869443201613383
2018-03-01 08:30:00,0,0.3054535653957651,1.378727254983882,1.1424278244058939
2018-03-01 08:31:00,0,0.832455456800518,2.103046607519045,1.7730138645211426
2018-03-01 08:32:00,0,0.31069577363181294,1.683958013900618,1.2969930450349358
2018-03-01 08:33:00,0,0.21316432669356813,1.3227108067924311,1.0167483493224077
2018-03-01 08:34:00,0,0.22877934985686993,1.094989656715751,0.98058098378134
2018-03-01 08:35:00,0,0.25203098862134626,1.2256617546368567,1.0532117751200365
2018-03-01 08:36:00,0,0.06849016576571833,0.6847038188134731,0.5655847554607785
2018-03-01 08:37:00,0,0.2881008814034115,1.2869480665695163,1.1466162225459642
2018-03-01 08:38:00,0,0.6684026109221888,1.9687409091345285,1.7294213320890552
2018-03-01 08:39:00,0,0.5160967372303094,1.7655485224004566,1.566574223892991
2018-03-01 08:40:00,0,0.15155750693150152,0.7192698012752211,0.6737365009245492
2018-03-01 08:41:00,0,0.1896251891298271,1.0882508824675619,0.9391744848679918
2018-03-01 08:42:00,0,0.5499080238738935,1.7204094964640297,1.531516508321974
2018-03-01 08:43:00,0,0.32213832358530614,1.5524111831660496,1.2631937755729328
2018-03-01 08:44:00,0,0.4982194803074224,1.8297098805722307,1.3380888716949058
2018-03-01 08:45:00,0,0.4820404256645977,1.5164804005287833,1.3510570322721018
2018-03-01 08:46:00,0,0.8623195395996266,2.210945571267962,1.9818287753737045
2018-03-01 08:47:00,0,0.43114841808286924,1.77540471818465,1.3384593599739052
2018-03-01 08:48:00,0,0.2820656887094084,1.2054783312453639,1.1094108034659682
2018-03-01 08:49:00,0,0.08301070202631355,0.7154298007555016,0.6076491538280945
2018-03-01 08:50:00,0,0.24498831410616698,1.1306862005560392,1.003792849494372
2018-03-01 08:51:00,0,0.04759652353714643,0.5544804200273143,0.47100809091171947
2018-03-01 08:52:00,0,0.1451116768438739,0.8860747768245705,0.7421417004972699
2018-03-01 08:53:00,0,0.05339271987118106,0.6832129949331751,0.495412396552804
2018-03-01 08:54:00,0,0.24843308411806292,1.3424403783393446,1.0665719426606015
2018-03-01 08:55:00,0,0.6537125292278764,1.7615873934159012,1.6411636321149607
2018-03-01 08:56:00,0,0.08409147902846578,0.7105547668622283,0.633426533331201
2018-03-01 08:57:00,0,0.2746155500477207,1.306045620834782,1.0959924858792192
2018-03-01 08:58:00,0,0.4881513899834778,1.6507540758336323,1.3982499686068384
2018-03-01 08:59:00,0,0.09195250157733365,0.8218659063986881,0.6925885194534581
2018-03-01 09:00:00,0,0.6870016542106505,2.0873722972692526,1.7059172572014127
2018-03-01 09:01:00,0,0.2118685659239938,1.069080114661711,0.9333411931152849
2018-03-01 09:02:00,0,0.1785595263243382,0.9962978173739734,0.8869232147675767
2018-03-01 09:03:00,0,0.20516553751052102,1.1181155897487722,0.9848576530704957
2018-03-01 09:04:00,0,0.44387684039833686,1.7032871163492693,1.3992978857404985
2018-03-01 09:05:00,0,0.17162018637940663,0.9584361399109639,0.8717327186228394
2018-03-01 09:06:00,0,0.6217819457879783,1.5839041822460367,1.4869627244727552
2018-03-01 09:07:00,0,0.19160843955673312,1.1029747313935525,0.9058328463088934
2018-03-01 09:08:00,0,0.2884643427611528,1.1593208369441208,1.0918061278606321
2018-03-01 09:09:00,0,0.33402852783418957,1.51322182032957,1.2137554046399792
2018-03-01 09:10:00,0,0.26462805731729505,1.4729286828535895,1.1869997381470259
2018-03-01 09:11:00,0,0.17539178467935262,1.0767465772239695,0.8241902459650824
2018-03-01 09:12:00,0,0.6085602034686154,1.8506334766319217,1.6731212752007487
2018-03-01 09:13:00,0,0.431827121792305,1.6633660483240953,1.4424315983374725
2018-03-01 09:14:00,0,0.6059671675203037,2.0929350836635647,1.6743790042372813
2018-03-01 09:15:00,0,0.38264080926097116,1.396642799434792,1.258008674727432
2018-03-01 09:16:00,0,0.34772381635572497,1.534275859661436,1.3103854761001859
2018-03-01 09:17:00,0,0.47121920475954804,1.454493275048748,1.3622325857658488
2018-03-01 09:18:00,0,0.2617262164174594,1.1755970496014645,1.0616191010689253
2018-03-01 09:19:00,0,0.221464912680978,1.000876423744239,0.9098563656229806
2018-03-01 09:20:00,0,0.22401602601863377,1.1504991819964645,0.9835709230494523
2018-03-01 09:21:00,0,0.16001565541313767,0.9297137605518155,0.8391279975183392
2018-03-01 09:22:00,0,0.1194680026481709,0.694040578117879,0.6491439572909036
2018-03-01 09:23:00,0,0.26327300602774045,1.2658382077449328,1.093188017061124
2018-03-01 09:24:00,0,0.10114317631825127,1.0251245741046138,0.682527065263347
2018-03-01 09:25:00,0,0.29176614351576724,1.2639045042882218,1.2026667031168212
2018-03-01 09:26:00,0,0.2552815948647145,1.2486601536705588,1.10247928368953
2018-03-01 09:27:00,0,0.18999651482460028,1.2149455395292446,0.9275811223296199
2018-03-01 09:28:00,0,0.11679209870637726,1.0635317795211356,0.7748685122449132
2018-03-01 09:29:00,0,0.23852957578653847,1.2337198778601826,1.0413202014019405
2018-03-01 09:30:00,0,0.17106705540031175,0.9932427216545194,0.8841064293860338
2018-03-01 09:31:00,0,0.062195206968820145,0.754260334114757,0.5851774193943924
2018-03-01 09:32:00,0,0.10681807491608207,0.8193495201170847,0.6883481446523299
2018-03-01 09:33:00,0,0.20768082315684017,1.3296536455948078,1.0387139578271045
2018-03-01 09:34:00,0,0.4110129340845826,1.3088513991250577,1.2524415084880738
2018-03-01 09:35:00,0,0.17548745628070836,0.9840210881688843,0.8506920864152393
2018-03-01 09:36:00,0,0.26820727803624045,1.3422717642088124,1.0952101845833295
2018-03-01 09:37:00,0,0.41396546834074927,1.4594080600045425,1.3324718671787157
2018-03-01 09:38:00,0,0.20222781632330605,0.9818487607290709,0.929010859550408
2018-03-01 09:39:00,0,0.15138097217318378,0.9909662155288748,0.8110548453738033
2018-03-01 09:40:00,0,0.21922283988384683,1.407851287629724,1.1119526942818132
2018-03-01 09:41:00,0,0.3024885561945839,1.3613145893269163,1.1885195945991145
2018-03-01 09:42:00,0,0.4156055388463498,1.2976410049748432,1.1991257252400294
2018-03-01 09:43:00,0,0.8430588009104244,2.387294185285703,2.0250343942593565
2018-03-01 09:44:00,0,0.13949086698519617,0.9472268331181738,0.8378556047071181
2018-03-01 09:45:00,0,0.2689948003934486,1.2851041895982516,1.0418476440151048
2018-03-01 09:46:00,0,0.29083777004168776,1.1395716508210332,0.9882851358812715
2018-03-01 09:47:00,0,0.23734168780604706,1.3489343616969545,1.1219996043985003
2018-03-01 09:48:00,0,0.10018367648035391,0.7355065459462311,0.6694746822566208
2018-03-01 09:49:00,0,0.7958055378763317,2.567206583184894,1.8121605250062054
2018-03-01 09:50:00,0,0.10214473403923374,0.8257796733261337,0.6505793165177222
2018-03-01 09:51:00,0,5.905920047736927,6.88925156999302,5.058842978038091
2018-03-01 09:52:00,0,0.7505801849597681,1.983939898105619,1.769990600906609
2018-03-01 09:53:00,0,0.5075536743593941,1.7555603316244728,1.529798554592976
2018-03-01 09:54:00,0,0.18121444963273936,1.1618340921134869,0.8767368437334092
2018-03-01 09:55:00,0,0.18694368772634934,1.281975515434697,0.993264153519587
2018-03-01 09:56:00,0,0.09183429535921887,0.7474623720881881,0.6519430948070337
2018-03-01 09:57:00,1,0.24128626865017033,1.3240059822825134,1.1177852663965582
2018-03-01 09:58:00,1,1.440500377568298,3.619231078818941,2.8241665166744534
2018-03-01 09:59:00,1,0.39695655052195017,1.8717324719640416,1.4795400463967827
2018-03-01 10:00:00,1,0.5950756053572217,2.031300649762114,1.6116239611975847
2018-03-01 10:01:00,1,0.09901808841148263,0.8861810393370962,0.6576702305355149
2018-03-01 10:02:00,1,1.112986385346338,2.7127992675123593,2.218922482514181
2018-03-01 10:03:00,1,229.2945193133401,41.20922427140606,21.605499143563822
2018-03-01 10:04:00,1,0.42608275396334333,1.8716890656996221,1.4586701457302929
2018-03-01 10:05:00,1,0.38452154645440273,1.418546251872511,1.2645924202527488
2018-03-01 10:06:00,1,0.6230634737026167,1.7608520600730067,1.547496162029002
2018-03-01 10:07:00,1,0.43814601894991784,1.7121470707903306,1.519585644215989
2018-03-01 10:08:00,1,0.40698609079622267,1.577453245304824,1.3279551739006983
2018-03-01 10:09:00,1,213.31016992168833,39.07544710287381,20.22118007365072
2018-03-01 10:10:00,1,4.635410266088379,6.117427704026587,3.5424511267876824
2018-03-01 10:11:00,1,71.29401587690741,22.312986306248067,11.798013503596975
2018-03-01 10:12:00,1,21.39491714133798,12.633019636419316,6.8603840459063665
2018-03-01 10:13:00,1,43.658036191412414,17.200714772196932,8.96761450115936
2018-03-01 10:14:00,1,20.930314477463913,15.809484572900374,10.257177019425617
2018-03-01 10:15:00,1,3.220816762986928,5.243387304052528,3.137791733687198
2018-03-01 10:16:00,1,47.32175367024144,18.11088887327349,9.674249020101948
2018-03-01 10:17:00,1,54.84495139122972,19.826590380426218,10.826406262732235
2018-03-01 10:18:00,1,6.669486737019105,7.0223944416289985,3.927207505565781
2018-03-01 10:19:00,1,61.39956253235228,20.737276142913892,10.91911508938773
2018-03-01 10:20:00,1,0.11927444308420146,0.7565093542717114,0.694180076877346
2018-03-01 10:21:00,1,48.93655545289193,18.375044600007605,9.711376137965578
2018-03-01 10:22:00,1,21.435536069852347,15.406979468117356,10.388572666459678
2018-03-01 10:23:00,1,15.071728167091711,10.923645183751134,6.329511558103744
2018-03-01 10:24:00,1,20.62005909544909,15.717151638068938,10.229870685520725
2018-03-01 10:25:00,1,31.029891171309696,15.018254609525178,8.175709943463511
2018-03-01 10:26:00,1,11.390907508929223,9.106157530988702,4.913159580870294
2018-03-01 10:27:00,1,19.11520716004284,13.781282105367845,9.161053862686513
2018-03-01 10:28:00,1,23.975292659775967,12.87574075280246,6.84672554575341
2018-03-01 10:29:00,1,21.856835547841495,12.513659596650834,6.805240719305826
2018-03-01 10:30:00,1,0.5836750924535772,2.1382422215410335,1.7047969507071126
2018-03-01 10:31:00,1,0.37760557565388725,1.64152374861339,1.3881516739820634
2018-03-01 10:32:00,1,11.059911715899258,9.458320822220042,5.297997765318611
2018-03-01 10:33:00,1,0.5553671991150289,1.8803066512965814,1.5445344447661529
2018-03-01 10:34:00,1,2.934939116541631,5.255685913714791,3.5157509236043745
2018-03-01 10:35:00,1,0.43680651503661305,1.5953291306200683,1.3966450280743103
2018-03-01 10:36:00,1,2.1337581214791825,4.7859318771335255,3.354107137504522
2018-03-01 10:37:00,1,22.56889083375071,13.267325379458061,7.399943638018717
2018-03-01 10:38:00,1,80.75596573534438,23.363161604100366,12.168594465588438
2018-03-01 10:39:00,1,149.2682401920418,32.33379338723472,17.0859408079372
2018-03-01 10:40:00,1,19.52236707209342,14.554960561183492,9.964089753374724
2018-03-01 10:41:00,1,44.45318886834964,17.38258273365199,9.149586099277744
2018-03-01 10:42:00,1,157.05182309353938,32.937226333643856,17.273009859099563
2018-03-01 10:43:00,1,39.773541180170845,16.929789622576568,9.105360488478116
2018-03-01 10:44:00,1,12.699542150113835,9.762184873769638,5.334690026126078
2018-03-01 10:45:00,1,0.260862329817248,1.213636125843841,1.0608380254107108
2018-03-01 10:46:00,1,19.18724947437605,11.757209026191347,6.410594291557876
2018-03-01 10:47:00,1,13.76089549516417,11.17136466306266,8.145534041938607
2018-03-01 10:48:00,1,60.041435902953076,20.80507312627134,11.436802799866332
2018-03-01 10:49:00,1,18.23732288597268,14.156923029713289,9.65951747225681
2018-03-01 10:50:00,1,43.13671923463046,17.743486215181527,9.678008774534177
2018-03-01 10:51:00,1,16.344436830966277,12.65016684068616,8.90225946713894
2018-03-01 10:52:00,1,12.43765031271284,10.666892504590228,7.23077749449277
2018-03-01 10:53:00,1,0.8172927321657018,2.206893194716553,1.9653283081329929
2018-03-01 10:54:00,1,9.145281098932047,8.552494768068188,4.686388614023767
2018-03-01 10:55:00,0,7.162577307881844,7.379088076100101,4.306080065645506
2018-03-01 10:56:00,0,1.2870390617126926,2.7982609234588987,2.4229440988899587
2018-03-01 10:57:00,0,0.5553572821421131,1.725249927680018,1.529115595490424
2018-03-01 10:58:00,0,0.3084571221644379,1.197920316557428,1.0760339181104321
2018-03-01 10:59:00,0,0.27423139037523736,1.3427481442914113,1.1358252541570455
2018-03-01 11:00:00,0,0.9582705753529441,2.266726709825227,2.1289909424525395
2018-03-01 11:01:00,0,0.49155874178239695,2.1531300176846764,1.571113100099904
2018-03-01 11:02:00,0,0.18043007176348372,1.0537591957219528,0.938864514955417
2018-03-01 11:03:00,0,0.2500859226733768,1.1886528394706213,1.0765644597772392
2018-03-01 11:04:00,0,0.48758424451849636,1.7924826423074691,1.5830339926279884
2018-03-01 11:05:00,0,0.14184623144811165,0.9203340861272945,0.8012092890698261
2018-03-01 11:06:00,0,0.28962000972517704,1.275977198372574,1.1067774990734687
2018-03-01 11:07:00,0,0.2402011411396927,1.4886505769157914,1.1829898638226897
2018-03-01 11:08:00,0,0.4676376248634364,2.076153418934021,1.413785694330222
2018-03-01 11:09:00,0,0.15980926323770736,1.0744115432310106,0.8310808475940725
2018-03-01 11:10:00,0,0.4094703028050903,1.3911685704447303,1.2545458251164567
2018-03-01 11:11:00,0,0.28054175527750186,1.3069089356924195,1.2070242737492909
2018-03-01 11:12:00,0,0.1192129565991667,0.8416855138438674,0.7184877245308012
2018-03-01 11:13:00,0,0.8741460550353433,1.829773497006295,1.734298381402707
2018-03-01 11:14:00,0,0.4158145287702718,1.3433641176947693,1.243289041190787
2018-03-01 11:15:00,0,0.3513199231090565,1.463735030157785,1.2799760205588417
2018-03-01 11:16:00,0,0.5839539509089087,2.08979750041268,1.7509469951876884
2018-03-01 11:17:00,0,0.7007479134577113,1.7814139951806538,1.6500070910634548
2018-03-01 11:18:00,0,0.24025736624170546,1.086373557774353,1.000523765763198
2018-03-01 11:19:00,0,0.19801232607443547,1.1553143114176652,1.0384873868801068
2018-03-01 11:20:00,0,0.21971207989739608,1.3003509561120778,0.9614865159614162
2018-03-01 11:21:00,0,0.6272403997687187,1.7247716761382872,1.6293048316238465
2018-03-01 11:22:00,0,0.4246809303077459,2.0945639145806423,1.6061133707517286
2018-03-01 11:23:00,0,0.2560153865481087,1.2797411731307897,1.142526763484529
2018-03-01 11:24:00,0,1.071751824557639,2.2556388968164582,1.9766785297378617
2018-03-01 11:25:00,0,0.39089915291787736,1.6532772153425292,1.2574259059971424
2018-03-01 11:26:00,0,0.06656491644161103,0.6609841263278611,0.5423911649355742
2018-03-01 11:27:00,0,1.0573491494412726,3.188685272671912,2.3645315122546844
2018-03-01 11:28:00,0,0.3568178455847489,1.7803664397565693,1.3695006163965193
2018-03-01 11:29:00,0,0.19556493277025705,1.1639682704128105,1.0054724821631
2018-03-01 11:30:00,0,0.23849700025526735,1.4556588433832771,1.1508066877735317
2018-03-01 11:31:00,0,0.2763981963949479,1.164113666874416,1.0444839503934067
2018-03-01 11:32:00,0,0.4368706446277695,1.9080616165784572,1.38662673480977
2018-03-01 11:33:00,0,0.20362015016937704,1.07980874605343,0.9777382224194442
2018-03-01 11:34:00,0,0.15574381515342076,0.8474604200110634,0.786182217357134
2018-03-01 11:35:00,0,0.06570963662898544,0.6500158834357889,0.5419634062710184
2018-03-01 11:36:00,0,0.24363234544668413,1.4482101666844205,1.1208901468013495
2018-03-01 11:37:00,0,0.1601065791739748,1.0130405681337877,0.8454260519201862
2018-03-01 11:38:00,0,0.09556464757188148,0.8291035905719777,0.7081642370517789
2018-03-01 11:39:00,0,0.41555498784046563,1.5620246420203108,1.3572851076995582
2018-03-01 11:40:00,0,0.12976013932070452,0.7839497075116547,0.7279872670895855
2018-03-01 11:41:00,0,0.28195617650073107,1.3073688407369146,1.1414360558263028
2018-03-01 11:42:00,0,0.2864356865093972,1.399217627203854,1.1729926340749484
2018-03-01 11:43:00,0,0.1283715751000252,0.9217854420626427,0.7605108003672425
2018-03-01 11:44:00,0,0.3876600194980531,1.4541557857522192,1.286563379159658
2018-03-01 11:45:00,0,0.2103921674198481,1.0799735415857314,0.9340922204038666
2018-03-01 11:46:00,0,0.28025727429870895,1.1750084426121026,1.0221496004859707
2018-03-01 11:47:00,0,0.6004634587305402,1.9577786387170193,1.7445597210903805
2018-03-01 11:48:00,0,0.175316738579679,0.9404535122484375,0.8306162417076098
2018-03-01 11:49:00,0,0.18181440546338462,1.0587412460285264,0.9004152944042232
2018-03-01 11:50:00,0,0.2828735358246882,1.3611776067788544,1.2074233336092701
2018-03-01 11:51:00,0,0.24331366757111728,1.0386519370446856,0.9660646762726748
2018-03-01 11:52:00,0,0.12040275855947155,0.7666783424333498,0.6728764805713627
2018-03-01 11:53:00,0,6.012841384741868,6.783276470419634,4.234258210947767
2018-03-01 11:54:00,0,0.16626832143005985,0.9172597295707808,0.8585644280279089
2018-03-01 11:55:00,0,0.2628078774817673,1.093807277500964,1.014121160965954
2018-03-01 11:56:00,0,0.1116263071899646,0.7369070757506213,0.6598457508844623
2018-03-01 11:57:00,0,0.3852341137789732,1.3765262149057844,1.2156172491129067
2018-03-01 11:58:00,0,0.0958529628258615,0.6850095067430463,0.5987277404039448
2018-03-01 11:59:00,0,0.12474858696121764,0.7470771364716172,0.6729009098855411
2018-03-01 12:00:00,0,0.17658643507953145,1.0645753311155846,0.9138249603397075
2018-03-01 12:01:00,0,0.23076259352248107,1.2576561426858293,1.089868793663245
2018-03-01 12:02:00,0,0.20388261167609248,1.0730316681709682,1.0115058864524638
2018-03-01 12:03:00,0,0.06469158860856905,0.7084113642809539,0.5666652691803612
2018-03-01 12:04:00,0,0.3632749976650493,1.4702036473888875,1.231967209734437
2018-03-01 12:05:00,0,0.18014497368592747,0.9005189063326288,0.8116534260330326
2018-03-01 12:06:00,0,0.05596378694780406,0.6841308907949173,0.5297954557887824
2018-03-01 12:07:00,0,0.44212264669787255,1.4412511295907633,1.3092572554093516
2018-03-01 12:08:00,0,0.8485166387947987,1.8778569072988494,1.7505738795536883
2018-03-01 12:09:00,0,0.2080448533130186,1.0609804198165507,0.9526319046822455
2018-03-01 12:10:00,0,0.23268883507143434,1.0701487396024312,0.9457783710226343
2018-03-01 12:11:00,0,0.7551151171749745,1.836704646970317,1.6648167654398922
2018-03-01 12:12:00,0,1.4038870154311132,2.5380546308174825,2.3179627547227906
2018-03-01 12:13:00,0,1.1830484519619104,2.5794341627848807,2.308505058086557
2018-03-01 12:14:00,0,0.39188179512226745,1.5830261125195288,1.4214310230327363
2018-03-01 12:15:00,0,0.591866838007522,1.9352628433307024,1.6791449964529264
2018-03-01 12:16:00,0,0.525845003040371,2.054491903001412,1.6863164098792183
2018-03-01 12:17:00,0,0.4433072285801777,1.410987757760897,1.2946831900105364
2018-03-01 12:18:00,0,0.6236758576655194,1.6940442690196034,1.5932340643323812
2018-03-01 12:19:00,0,0.37476716342647515,1.3823706038107544,1.2209604077856293
2018-03-01 12:20:00,0,0.5682670980149055,1.5952906088602201,1.4780496853817353
2018-03-01 12:21:00,0,0.7958735009861629,2.061045571060955,1.7584572315964082
2018-03-01 12:22:00,0,0.671475912720206,1.4871189770624835,1.4141889609585583
2018-03-01 12:23:00,0,0.9051833512054311,2.2350619624524333,1.9334193004269005
2018-03-01 12:24:00,0,0.2701084086991101,1.413271507478672,1.115389999122292
2018-03-01 12:25:00,0,0.872549539829235,1.9217239593475448,1.7934903986212771
2018-03-01 12:26:00,0,1.0612640486199063,2.0526001189214456,1.8945611544181993
2018-03-01 12:27:00,0,0.48918108171691793,1.697288999425212,1.4717035082198617
2018-03-01 12:28:00,0,0.599713752661212,1.8149590864476088,1.6286394231614127
2018-03-01 12:29:00,0,0.4379252217589708,1.6030897973620424,1.4097950504536108
2018-03-01 12:30:00,0,0.9685907363059387,2.6178172879593973,2.1434140359818055
2018-03-01 12:31:00,0,1.074387996965335,2.3892155372053963,2.107813289075276
2018-03-01 12:32:00,0,1.4815965706719845,2.634882270855247,2.3620594516889852
2018-03-01 12:33:00,0,1.725121325288119,2.6555758553100572,2.4916256581243785
2018-03-01 12:34:00,0,1.5258116334176555,3.0423128305280605,2.558770135241498
2018-03-01 12:35:00,0,1.7660985386335821,2.583899641202911,2.3884945462468177
2018-03-01 12:36:00,0,0.40498791374479864,1.687278684536268,1.3062021581443957
2018-03-01 12:37:00,0,0.23301436473934115,1.35941691304923,1.118213865833512
2018-03-01 12:38:00,0,0.9092459688771264,2.316255417636706,1.992562508522043
2018-03-01 12:39:00,0,1.1886161341088217,2.630213188995819,2.3552939929998984
2018-03-01 12:40:00,0,0.7272111199823054,1.9144823388113636,1.6937076901435106
2018-03-01 12:41:00,0,1.100937153554708,2.091603900794368,1.9435913558652138
2018-03-01 12:42:00,0,0.6908966281238946,2.0279424540941333,1.847043989621391
2018-03-01 12:43:00,0,0.8593903799080614,2.033459662580408,1.802501607770926
2018-03-01 12:44:00,0,1.7277454911408874,2.6164708404082444,2.413212271345426
2018-03-01 12:45:00,0,0.22757551897904993,1.1686912495215571,1.0211888244415532
2018-03-01 12:46:00,0,0.8677265689578003,2.3709217068876614,1.8991998835927262
2018-03-01 12:47:00,0,1.3017562042971844,2.3716583419116146,2.1754793629141114
2018-03-01 12:48:00,0,0.7408312802302107,1.9574122216521324,1.7778717268778912
2018-03-01 12:49:00,0,1.4668917269673418,2.5526144323835673,2.2047875643168107
2018-03-01 12:50:00,0,0.2779274536946933,1.2366709068056512,1.092742569242923
2018-03-01 12:51:00,0,0.4150447189310779,1.5335935638337475,1.322547149907955
2018-03-01 12:52:00,0,1.0749742323204596,2.3314086458759826,2.092950930559753
2018-03-01 12:53:00,0,0.9125457199109615,2.194208816777616,1.8712336154196372
2018-03-01 12:54:00,0,0.18972945297315993,1.0231903285475927,0.8972528841213323
2018-03-01 12:55:00,0,0.44839457171033553,1.5110282353881648,1.361037620968914
2018-03-01 12:56:00,0,0.4833351417371455,1.4684293337651648,1.336268649119434
2018-03-01 12:57:00,0,0.8287381504133476,2.3372517079005255,1.9927250405190766
2018-03-01 12:58:00,0,1.2422339131936753,2.4050579954112044,2.2164367206587916
2018-03-01 12:59:00,0,0.9297239688325784,2.2304085649862953,1.9296425556966863
