Current_Time,Future_Time,Step,Transition_Shock,Future_State_Deviation,Mean_Abs_Deviation,Max_Deviation,Predicted_State_Change,Future_Stability,Simulation_Risk,Start_Time
2018-03-01 01:55:00,2018-03-01 01:56:00,1,0.3335151970386505,0.37854477763175964,0.26108473539352417,1.0055793523788452,0.3335151970386505,0.01102320828275489,0.34702407121658324,2018-03-01 01:55:00
2018-03-01 01:55:00,2018-03-01 01:57:00,2,0.023691566661000252,0.37954965233802795,0.26321327686309814,0.9942197203636169,0.023691566661000252,0.01102320828275489,0.13044899236410856,2018-03-01 01:55:00
2018-03-01 01:55:00,2018-03-01 01:58:00,3,0.026020828634500504,0.3792850077152252,0.2657417058944702,0.9743368029594421,0.026020828634500504,0.01102320828275489,0.1320000823587179,2018-03-01 01:55:00
2018-03-01 01:55:00,2018-03-01 01:59:00,4,0.031501345336437225,0.3797592222690582,0.2725101113319397,0.9441682696342468,0.031501345336437225,0.01102320828275489,0.13597870841622353,2018-03-01 01:55:00
2018-03-01 01:55:00,2018-03-01 02:00:00,5,0.007302230689674616,0.3756714165210724,0.2681727707386017,0.9403035640716553,0.007302230689674616,0.01102320828275489,0.11781298643909394,2018-03-01 01:55:00
2018-03-01 01:55:00,2018-03-01 02:01:00,6,0.008661783300340176,0.3687031865119934,0.26305121183395386,0.9248144030570984,0.008661783300340176,0.01102320828275489,0.11667420426383614,2018-03-01 01:55:00
2018-03-01 01:55:00,2018-03-01 02:02:00,7,0.006538381800055504,0.3706181049346924,0.2649287283420563,0.9285410642623901,0.006538381800055504,0.01102320828275489,0.11576229874044656,2018-03-01 01:55:00
2018-03-01 01:55:00,2018-03-01 02:03:00,8,0.007358883507549763,0.3706512749195099,0.26637324690818787,0.9277102947235107,0.007358883507549763,0.01102320828275489,0.1163466009311378,2018-03-01 01:55:00
2018-03-01 01:55:00,2018-03-01 02:04:00,9,0.005590280517935753,0.37264588475227356,0.266772985458374,0.9404115676879883,0.005590280517935753,0.01102320828275489,0.11570696178823708,2018-03-01 01:55:00
2018-03-01 01:55:00,2018-03-01 02:05:00,10,0.013945099897682667,0.37228381633758545,0.26981112360954285,0.9336776733398438,0.013945099897682667,0.01102320828275489,0.1214467148296535,2018-03-01 01:55:00
2018-03-01 01:55:00,2018-03-01 02:06:00,11,0.010991629213094711,0.36748456954956055,0.2639879584312439,0.9272830486297607,0.010991629213094711,0.01102320828275489,0.11793951131403446,2018-03-01 01:55:00
2018-03-01 01:55:00,2018-03-01 02:07:00,12,0.004597821272909641,0.3637391924858093,0.2617386281490326,0.9156600832939148,0.004597821272909641,0.01102320828275489,0.11234023263677954,2018-03-01 01:55:00
2018-03-01 01:55:00,2018-03-01 02:08:00,13,0.0037215612828731537,0.3606223165988922,0.259822815656662,0.9059771299362183,0.0037215612828731537,0.01102320828275489,0.11079178787767888,2018-03-01 01:55:00
2018-03-01 01:55:00,2018-03-01 02:09:00,14,0.0027442367281764746,0.35831746459007263,0.25841549038887024,0.8986711502075195,0.0027442367281764746,0.01102320828275489,0.10941620508674531,2018-03-01 01:55:00
2018-03-01 01:55:00,2018-03-01 02:10:00,15,0.0016592671163380146,0.3568962514400482,0.25753089785575867,0.8940907120704651,0.0016592671163380146,0.01102320828275489,0.10823036241345108,2018-03-01 01:55:00
2018-03-01 09:51:00,2018-03-01 09:52:00,1,2.43062162399292,0.3231166899204254,0.24092495441436768,0.8066596984863281,2.43062162399292,0.012449998624755867,1.7983701437711714,2018-03-01 09:51:00
2018-03-01 09:51:00,2018-03-01 09:53:00,2,0.029394717887043953,0.3113861680030823,0.2287244200706482,0.7977632880210876,0.029394717887043953,0.012449998624755867,0.11399215292185544,2018-03-01 09:51:00
2018-03-01 09:51:00,2018-03-01 09:54:00,3,0.04128672182559967,0.29723238945007324,0.22077202796936035,0.7657703161239624,0.04128672182559967,0.012449998624755867,0.11807042211294173,2018-03-01 09:51:00
2018-03-01 09:51:00,2018-03-01 09:55:00,4,0.015222232788801193,0.2936412990093231,0.2183988094329834,0.7464529275894165,0.015222232788801193,0.012449998624755867,0.09874795265495777,2018-03-01 09:51:00
2018-03-01 09:51:00,2018-03-01 09:56:00,5,0.012202269397675991,0.299472838640213,0.221130833029747,0.7482865452766418,0.012202269397675991,0.012449998624755867,0.0983834401704371,2018-03-01 09:51:00
2018-03-01 09:51:00,2018-03-01 09:57:00,6,0.00818063598126173,0.3012668490409851,0.22090736031532288,0.7387768626213074,0.00818063598126173,0.012449998624755867,0.09610649989917874,2018-03-01 09:51:00
2018-03-01 09:51:00,2018-03-01 09:58:00,7,0.010323806665837765,0.29979321360588074,0.21926595270633698,0.7165480256080627,0.010323806665837765,0.012449998624755867,0.09716462874785065,2018-03-01 09:51:00
2018-03-01 09:51:00,2018-03-01 09:59:00,8,0.005388012621551752,0.29648107290267944,0.21625249087810516,0.7023603320121765,0.005388012621551752,0.012449998624755867,0.09271593070589006,2018-03-01 09:51:00
2018-03-01 09:51:00,2018-03-01 10:00:00,9,0.00987392570823431,0.29909706115722656,0.2177923172712326,0.7080138921737671,0.00987392570823431,0.012449998624755867,0.096640866342932,2018-03-01 09:51:00
2018-03-01 09:51:00,2018-03-01 10:01:00,10,0.007433521095663309,0.30379265546798706,0.2206539660692215,0.7223493456840515,0.007433521095663309,0.012449998624755867,0.09634126140736043,2018-03-01 09:51:00
2018-03-01 09:51:00,2018-03-01 10:02:00,11,0.022256147116422653,0.3028373718261719,0.22062528133392334,0.7206035852432251,0.022256147116422653,0.012449998624755867,0.10643051452934742,2018-03-01 09:51:00
2018-03-01 09:51:00,2018-03-01 10:03:00,12,0.0037970133125782013,0.30524754524230957,0.22239035367965698,0.7256008982658386,0.0037970133125782013,0.012449998624755867,0.09423217289149761,2018-03-01 09:51:00
2018-03-01 09:51:00,2018-03-01 10:04:00,13,0.003436239203438163,0.30728456377983093,0.22411201894283295,0.7301804423332214,0.003436239203438163,0.012449998624755867,0.09459073657635599,2018-03-01 09:51:00
2018-03-01 09:51:00,2018-03-01 10:05:00,14,0.0029524341225624084,0.3088042140007019,0.22548530995845795,0.7340407371520996,0.0029524341225624084,0.012449998624755867,0.09470796808600426,2018-03-01 09:51:00
2018-03-01 09:51:00,2018-03-01 10:06:00,15,0.002552303019911051,0.310006707906723,0.22659215331077576,0.7374440431594849,0.002552303019911051,0.012449998624755867,0.09478862448595464,2018-03-01 09:51:00
2018-03-01 01:30:00,2018-03-01 01:31:00,1,0.41560837626457214,0.1976155936717987,0.1541639268398285,0.4233308732509613,0.41560837626457214,0.017149639873033657,0.3502105414867401,2018-03-01 01:30:00
2018-03-01 01:30:00,2018-03-01 01:32:00,2,0.04638025537133217,0.23895291984081268,0.18553781509399414,0.5158587098121643,0.04638025537133217,0.017149639873033657,0.10415205471217633,2018-03-01 01:30:00
2018-03-01 01:30:00,2018-03-01 01:33:00,3,0.017867382615804672,0.25216391682624817,0.19416718184947968,0.5640233159065247,0.017867382615804672,0.017149639873033657,0.08815634287893773,2018-03-01 01:30:00
2018-03-01 01:30:00,2018-03-01 01:34:00,4,0.014328710734844208,0.24660418927669525,0.18738630414009094,0.5644588470458984,0.014328710734844208,0.017149639873033657,0.08401135429739952,2018-03-01 01:30:00
2018-03-01 01:30:00,2018-03-01 01:35:00,5,0.01875872164964676,0.2629457712173462,0.19901946187019348,0.6114624738693237,0.01875872164964676,0.017149639873033657,0.09201483651995658,2018-03-01 01:30:00
2018-03-01 01:30:00,2018-03-01 01:36:00,6,0.0443415567278862,0.30117568373680115,0.231490358710289,0.6756480932235718,0.0443415567278862,0.017149639873033657,0.12139179483056067,2018-03-01 01:30:00
2018-03-01 01:30:00,2018-03-01 01:37:00,7,0.012003251351416111,0.30220550298690796,0.23014980554580688,0.6931846141815186,0.012003251351416111,0.017149639873033657,0.09906392684206365,2018-03-01 01:30:00
2018-03-01 01:30:00,2018-03-01 01:38:00,8,0.013881558552384377,0.3127001225948334,0.23678214848041534,0.7236730456352234,0.013881558552384377,0.017149639873033657,0.10352712776511908,2018-03-01 01:30:00
2018-03-01 01:30:00,2018-03-01 01:39:00,9,0.016715163365006447,0.3048799932003021,0.22799375653266907,0.718586802482605,0.016715163365006447,0.017149639873033657,0.10316461231559515,2018-03-01 01:30:00
2018-03-01 01:30:00,2018-03-01 01:40:00,10,0.020623870193958282,0.3028319478034973,0.23025773465633392,0.6995406746864319,0.020623870193958282,0.017149639873033657,0.10528629347681998,2018-03-01 01:30:00
2018-03-01 01:30:00,2018-03-01 01:41:00,11,0.0232746209949255,0.28224238753318787,0.21305742859840393,0.6545296907424927,0.0232746209949255,0.017149639873033657,0.1009649509564042,2018-03-01 01:30:00
2018-03-01 01:30:00,2018-03-01 01:42:00,12,0.005150586366653442,0.28681519627571106,0.216013103723526,0.6663317680358887,0.005150586366653442,0.017149639873033657,0.08964996933937072,2018-03-01 01:30:00
2018-03-01 01:30:00,2018-03-01 01:43:00,13,0.0031625544652342796,0.2893964350223541,0.21756817400455475,0.673031747341156,0.0031625544652342796,0.017149639873033657,0.08903271863237024,2018-03-01 01:30:00
2018-03-01 01:30:00,2018-03-01 01:44:00,14,0.0020283462945371866,0.29100707173347473,0.21852509677410126,0.6765413880348206,0.0020283462945371866,0.017149639873033657,0.08872196392621845,2018-03-01 01:30:00
2018-03-01 01:30:00,2018-03-01 01:45:00,15,0.0015783795388415456,0.292307585477829,0.21934671700000763,0.678600013256073,0.0015783795388415456,0.017149639873033657,0.08879714132053777,2018-03-01 01:30:00
2018-03-01 09:30:00,2018-03-01 09:31:00,1,0.4072657823562622,0.31646835803985596,0.23061686754226685,0.7246968150138855,0.4072657823562622,0.008247544882968734,0.3800265550613403,2018-03-01 09:30:00
2018-03-01 09:30:00,2018-03-01 09:32:00,2,0.023040514439344406,0.32734450697898865,0.2406235933303833,0.7565242052078247,0.023040514439344406,0.008247544882968734,0.11433171220123767,2018-03-01 09:30:00
2018-03-01 09:30:00,2018-03-01 09:33:00,3,0.012452615424990654,0.3246651589870453,0.24000728130340576,0.7563629746437073,0.012452615424990654,0.008247544882968734,0.10611637849360704,2018-03-01 09:30:00
2018-03-01 09:30:00,2018-03-01 09:34:00,4,0.015608958899974823,0.3180828392505646,0.23352880775928497,0.7446626424789429,0.015608958899974823,0.008247544882968734,0.10635112300515173,2018-03-01 09:30:00
2018-03-01 09:30:00,2018-03-01 09:35:00,5,0.0061546145007014275,0.3128322958946228,0.23003168404102325,0.7376652956008911,0.0061546145007014275,0.008247544882968734,0.09815791891887785,2018-03-01 09:30:00
2018-03-01 09:30:00,2018-03-01 09:36:00,6,0.007542184088379145,0.31454700231552124,0.23177415132522583,0.7468535900115967,0.007542184088379145,0.008247544882968734,0.09964362955652177,2018-03-01 09:30:00
2018-03-01 09:30:00,2018-03-01 09:37:00,7,0.01517455093562603,0.3247716724872589,0.24014469981193542,0.7744877338409424,0.01517455093562603,0.008247544882968734,0.10805368740111589,2018-03-01 09:30:00
2018-03-01 09:30:00,2018-03-01 09:38:00,8,0.009782161563634872,0.31920498609542847,0.23524414002895355,0.7632066607475281,0.009782161563634872,0.008247544882968734,0.10260900892317296,2018-03-01 09:30:00
2018-03-01 09:30:00,2018-03-01 09:39:00,9,0.003085940144956112,0.3188699781894684,0.23477697372436523,0.7643232345581055,0.003085940144956112,0.008247544882968734,0.09782115155830978,2018-03-01 09:30:00
2018-03-01 09:30:00,2018-03-01 09:40:00,10,0.006643894128501415,0.31712979078292847,0.23419909179210663,0.7627466320991516,0.006643894128501415,0.008247544882968734,0.09978966312482954,2018-03-01 09:30:00
2018-03-01 09:30:00,2018-03-01 09:41:00,11,0.014195578172802925,0.31216099858283997,0.2293902039527893,0.7494645118713379,0.014195578172802925,0.008247544882968734,0.10358520429581404,2018-03-01 09:30:00
2018-03-01 09:30:00,2018-03-01 09:42:00,12,0.0006755678914487362,0.3116740584373474,0.22905521094799042,0.7484487891197205,0.0006755678914487362,0.008247544882968734,0.09397511505521833,2018-03-01 09:30:00
2018-03-01 09:30:00,2018-03-01 09:43:00,13,0.0004976253258064389,0.31126669049263,0.22874045372009277,0.7474008202552795,0.0004976253258064389,0.008247544882968734,0.0937283448758535,2018-03-01 09:30:00
2018-03-01 09:30:00,2018-03-01 09:44:00,14,0.00037408265052363276,0.3111282289028168,0.2285962700843811,0.7468225955963135,0.00037408265052363276,0.008247544882968734,0.09360032652621157,2018-03-01 09:30:00
2018-03-01 09:30:00,2018-03-01 09:45:00,15,0.00023734019487164915,0.3110256493091583,0.22850102186203003,0.7464866638183594,0.00023734019487164915,0.008247544882968734,0.09347383292915765,2018-03-01 09:30:00
