TimeWindow,IsInfiltrationState,Prediction_MSE,Prediction_MAE
2018-03-01 01:10:00,0,0.0948228776408335,0.24550771648980899
2018-03-01 01:11:00,0,0.0883189374969273,0.22664964863721315
2018-03-01 01:12:00,0,0.20837390612942053,0.31084184254911823
2018-03-01 01:13:00,0,0.8081369762218044,0.6444252062124727
2018-03-01 01:14:00,0,0.4312090474757399,0.44769153526126493
2018-03-01 01:15:00,0,0.3653811205399015,0.4272457270961751
2018-03-01 01:16:00,0,0.448661555989551,0.4521802540668858
2018-03-01 01:17:00,0,0.47279765319184053,0.5015524660843999
2018-03-01 01:18:00,0,0.7496632030959539,0.5889557304381442
2018-03-01 01:19:00,0,0.271325005120488,0.3197039444600759
2018-03-01 01:20:00,0,0.682776117388729,0.592080278625577
2018-03-01 01:21:00,0,0.3528467572622972,0.39489922742198935
2018-03-01 01:22:00,0,0.1496345630386304,0.28213984570034895
2018-03-01 01:23:00,0,0.4360296217938161,0.4349197968179672
2018-03-01 01:24:00,0,0.13576024380211393,0.2659036296916053
2018-03-01 01:25:00,0,0.5753960346917651,0.5727211059784136
2018-03-01 01:26:00,0,0.06179350933086498,0.18306359343767223
2018-03-01 01:27:00,0,0.13305716592908834,0.272109106419113
2018-03-01 01:28:00,0,0.24381799837493573,0.3321590497912826
2018-03-01 01:29:00,0,0.42535797169194495,0.4284253324013637
2018-03-01 01:30:00,0,0.18753425597109658,0.2975009674429908
2018-03-01 01:31:00,0,0.20115874727572175,0.3417250378820639
2018-03-01 01:32:00,0,0.7042226383180885,0.6174048860485214
2018-03-01 01:33:00,0,1.2423647063933927,0.7485067880688742
2018-03-01 01:34:00,0,0.2770077145391633,0.41672249392064603
2018-03-01 01:35:00,0,0.7651747417183239,0.6016745050510731
2018-03-01 01:36:00,0,0.36010774653761607,0.4446050288632673
2018-03-01 01:37:00,0,0.35760952297168097,0.39259686686885403
2018-03-01 01:38:00,0,0.2478428242797835,0.3311174845326886
2018-03-01 01:39:00,0,0.19663711978076143,0.28829169306401753
2018-03-01 01:40:00,0,0.08881962955375139,0.21361466406907034
2018-03-01 01:41:00,0,0.7324253337304636,0.5710058876187348
2018-03-01 01:42:00,0,0.6236928372056492,0.5146300693552389
2018-03-01 01:43:00,0,0.1358408116229907,0.28887696728883666
2018-03-01 01:44:00,0,0.23018681679664746,0.3215690950382025
2018-03-01 01:45:00,0,0.10286327892744693,0.20746768750984082
2018-03-01 01:46:00,0,0.1419858087451378,0.26055053242452736
2018-03-01 01:47:00,0,0.17660675952825458,0.2570734292820762
2018-03-01 01:48:00,0,0.652894345528053,0.5629604544714973
2018-03-01 01:49:00,0,0.12099256718078275,0.24819035628210878
2018-03-01 01:50:00,0,0.1619865009728323,0.25406644550324947
2018-03-01 01:51:00,0,0.21306683028225734,0.27059773875910254
2018-03-01 01:52:00,0,0.12604421719648284,0.2386840511640366
2018-03-01 01:53:00,0,0.15634947075302327,0.27117032335617774
2018-03-01 01:54:00,0,0.2696120487474054,0.3556374267158633
2018-03-01 01:55:00,0,0.11047473357046712,0.2325344896838864
2018-03-01 01:56:00,0,0.12902076175361435,0.2497212189903937
2018-03-01 01:57:00,0,0.4214597110695552,0.4595372588464254
2018-03-01 01:58:00,0,0.37063868875559774,0.42076473578842716
2018-03-01 01:59:00,0,0.28236678824731104,0.3541454747326551
2018-03-01 02:00:00,1,1.4014155706342004,0.7887760238167669
2018-03-01 02:01:00,1,0.13184392017117882,0.25294573624448996
2018-03-01 02:02:00,1,0.6941360730870755,0.6169807895828915
2018-03-01 02:03:00,1,0.20062356771756382,0.31676117638323864
2018-03-01 02:04:00,1,0.12258220066060062,0.26547216193497525
2018-03-01 02:05:00,1,0.21142107293080015,0.30770553815173746
2018-03-01 02:06:00,1,0.2978437669732693,0.3863063520140462
2018-03-01 02:07:00,1,0.3603645434001695,0.4142453491318879
2018-03-01 02:08:00,1,0.10594389042002728,0.22064616549020494
2018-03-01 02:09:00,1,0.580738189007125,0.5576737206839635
2018-03-01 02:10:00,1,0.09975312355128434,0.21865945916612645
2018-03-01 02:11:00,1,0.1212454081726193,0.2509619847214778
2018-03-01 02:12:00,1,0.06705827177144269,0.1793759162123174
2018-03-01 02:13:00,1,0.3342184698563123,0.38586614738394875
2018-03-01 02:14:00,1,1.7890328940189644,0.5762837290819236
2018-03-01 02:15:00,1,0.902497192057955,0.6701069733822234
2018-03-01 02:16:00,1,3.136657039622032,0.6461853977831631
2018-03-01 02:17:00,1,0.6079448005392852,0.5156798447541863
2018-03-01 02:18:00,1,0.752191350741789,0.6090551269670347
2018-03-01 02:19:00,1,0.12122635356564285,0.2377912906963388
2018-03-01 02:20:00,1,0.08552139772172547,0.18075739627375478
2018-03-01 02:21:00,1,0.37060362290164445,0.4355851851654103
2018-03-01 02:22:00,1,0.1864429517716274,0.3077073085627275
2018-03-01 02:23:00,1,0.11862492228551892,0.21522782917551625
2018-03-01 02:24:00,1,0.26146981759285504,0.3419391707282646
2018-03-01 02:25:00,1,3.030885311257728,0.6501860649370212
2018-03-01 02:26:00,1,25.79301325595869,0.9748273265616324
2018-03-01 02:27:00,1,132.63599499259442,2.7042359603434662
2018-03-01 02:28:00,1,3.17901180099001,0.8718188737204698
2018-03-01 02:29:00,1,11.986109223433914,1.300304603875209
2018-03-01 02:30:00,1,9.065777041189186,1.935514256240142
2018-03-01 02:31:00,1,5.001001435624281,0.8184887674157925
2018-03-01 02:32:00,1,26.268309337191635,1.1914422426068065
2018-03-01 02:33:00,1,34.23094946505245,1.7321124584560603
2018-03-01 02:34:00,1,5.296780489775524,0.7149206983325957
2018-03-01 02:35:00,1,23.386091241238645,1.177511613487948
2018-03-01 02:36:00,1,0.19944771682696025,0.3461947795765959
2018-03-01 02:37:00,1,16.110261238970246,2.3713887403805263
2018-03-01 02:38:00,1,103.74698598097442,2.172177315186883
2018-03-01 02:39:00,1,67.52954774432698,1.8074547191047823
2018-03-01 02:40:00,1,13.321955562764565,2.1344754669673107
2018-03-01 02:41:00,1,19.592873500967425,0.9977595810790599
2018-03-01 02:42:00,1,20.993778631056628,2.631789503864961
2018-03-01 02:43:00,1,0.282841908839091,0.4030986697491535
2018-03-01 02:44:00,1,0.14913373912886504,0.27586978963281095
2018-03-01 02:45:00,1,98.40953684422831,2.118277181197498
2018-03-01 02:46:00,1,15.289095189354986,0.8280155047750076
2018-03-01 02:47:00,1,0.26347729287010935,0.3925064337158941
2018-03-01 02:48:00,1,0.2725665621552838,0.38539931845187864
2018-03-01 02:49:00,1,0.10028491886361939,0.2327248894878429
2018-03-01 02:50:00,1,0.566926098380104,0.5526002061856121
2018-03-01 02:51:00,1,0.08980497014868545,0.20719382208688703
2018-03-01 02:52:00,1,0.4622353422146651,0.5191531857900806
2018-03-01 02:53:00,1,0.42256626227158184,0.47878764633077253
2018-03-01 02:54:00,1,0.3098076739312422,0.433711683558469
2018-03-01 02:55:00,1,0.1383052566072427,0.23066278500791532
2018-03-01 02:56:00,1,0.34152533667511414,0.4488441994620546
2018-03-01 02:57:00,1,0.09941724113216285,0.23529792947977898
2018-03-01 02:58:00,1,0.34140878157727556,0.41315801778464983
2018-03-01 02:59:00,1,0.24197140036339002,0.33822944113782843
2018-03-01 03:00:00,1,0.10971038056686347,0.23432924705344982
2018-03-01 03:01:00,1,0.17484040589793218,0.3129825987308831
2018-03-01 03:02:00,1,0.08497734022726672,0.2211921392881442
2018-03-01 03:03:00,1,0.41935524466059454,0.46511365077391514
2018-03-01 03:04:00,1,0.5722444473085242,0.49235613041730036
2018-03-01 03:05:00,1,0.4783593909609363,0.49745797790054797
2018-03-01 03:06:00,1,0.09289836761497051,0.21283745364912038
2018-03-01 03:07:00,1,0.6751449403868579,0.6014659789385944
2018-03-01 03:08:00,1,0.45525868882836856,0.4640349930041707
2018-03-01 03:09:00,1,0.3889728208102612,0.4092704314671827
2018-03-01 03:10:00,1,0.06336496690726985,0.1961796938591009
2018-03-01 03:11:00,1,0.8718647118459095,0.6264884970536087
2018-03-01 03:12:00,1,0.1458293218680778,0.2608915965324359
2018-03-01 03:13:00,1,0.5327576032716299,0.5014423729839088
2018-03-01 03:14:00,1,0.17735775601906842,0.30854064021607586
2018-03-01 03:15:00,1,0.2553850026996128,0.3221604032177177
2018-03-01 03:16:00,1,0.17557482023285603,0.2689196528746366
2018-03-01 03:17:00,1,0.11572099012492511,0.20747035696901933
2018-03-01 03:18:00,1,0.5321638285543632,0.33742689440589413
2018-03-01 03:19:00,1,0.5200773856951573,0.4338935817780153
2018-03-01 03:20:00,1,1.7025047149337993,0.5536199336848275
2018-03-01 03:21:00,1,0.1472568356863362,0.30059754595156485
2018-03-01 03:22:00,1,0.19142122238570222,0.2841232323156011
2018-03-01 03:23:00,1,0.8398603898767505,0.6562406242744353
2018-03-01 03:24:00,1,4.219952862337684,0.6333638091444411
2018-03-01 03:25:00,1,31.18076213405699,1.3451716956061988
2018-03-01 03:26:00,1,2.2424606213652045,0.5068395386912239
2018-03-01 03:27:00,1,22.519948309499846,2.517352064571287
2018-03-01 03:28:00,1,40.97499913323782,1.323926974954372
2018-03-01 03:29:00,1,53.57879104359669,1.6347483497581052
2018-03-01 03:30:00,1,12.84787486238669,0.9198149548665543
2018-03-01 03:31:00,1,12.318776447724758,0.8253772004019667
2018-03-01 03:32:00,1,75.84257130282231,2.0499854357288068
2018-03-01 03:33:00,1,0.6860914012518448,0.6332917028947735
2018-03-01 03:34:00,1,0.12864882432195265,0.2761670399018527
2018-03-01 03:35:00,1,1.461115702773012,0.5572271753915456
2018-03-01 03:36:00,1,59.48794083277322,1.574865920596135
2018-03-01 03:37:00,0,14.681564013353228,2.210076471581938
2018-03-01 03:38:00,0,0.279205841386388,0.4040311592663126
2018-03-01 03:39:00,0,0.3230131339687997,0.4298444661621353
2018-03-01 03:40:00,0,0.2589335356901402,0.35977754072334756
2018-03-01 03:41:00,0,0.499400001171085,0.5234784640468878
2018-03-01 03:42:00,0,0.7432713500370594,0.5640949105808747
2018-03-01 03:43:00,0,0.6482857386464376,0.5486100144230386
2018-03-01 03:44:00,0,0.535996727600997,0.48702970132761536
2018-03-01 03:45:00,0,0.5376820880482515,0.4633078834893161
2018-03-01 03:46:00,0,0.6505183909089887,0.4822634121209417
2018-03-01 03:47:00,0,0.2275221819532143,0.27309215604511655
2018-03-01 03:48:00,0,0.1276794399731428,0.25179296630653447
2018-03-01 03:49:00,0,0.5508108280959759,0.5493726537363463
2018-03-01 03:50:00,0,0.0731029101847322,0.1868723537190761
2018-03-01 03:51:00,0,0.1356233383709014,0.23126792545184738
2018-03-01 03:52:00,0,0.3257613850885298,0.4232739291844792
2018-03-01 03:53:00,0,0.2362157594805496,0.3685049242711178
2018-03-01 03:54:00,0,0.39418283772016605,0.3722827775548185
2018-03-01 03:55:00,0,0.21909128895649613,0.34800425594220846
2018-03-01 03:56:00,0,0.15197381367636653,0.26039365306024004
2018-03-01 03:57:00,0,0.42294964883895514,0.4307938986736826
2018-03-01 03:58:00,0,0.28416093516440066,0.346582976683742
2018-03-01 03:59:00,0,0.653337659259929,0.5798987405163228
2018-03-01 04:00:00,0,2.410533371412343,1.0631513561592278
2018-03-01 04:01:00,0,0.1212597756994043,0.25227743327046265
2018-03-01 04:02:00,0,0.3836140276972796,0.44641869683931545
2018-03-01 04:03:00,0,0.09754658376380008,0.22679155547650776
2018-03-01 04:04:00,0,0.4650780395321733,0.45731412428397444
2018-03-01 04:05:00,0,0.05466487032475714,0.15356937437537907
2018-03-01 04:06:00,0,0.3563521888359155,0.4213526618107455
2018-03-01 04:07:00,0,0.26141381095550464,0.36232693086179224
2018-03-01 04:08:00,0,0.9424136883672406,0.6543863220897606
2018-03-01 04:09:00,0,0.10719974780573246,0.21226911161883255
2018-03-01 04:10:00,0,0.32063726784196994,0.40839223125611085
2018-03-01 04:11:00,0,0.33269134440037956,0.3896589173155118
2018-03-01 04:12:00,0,0.09931530776473026,0.20514325388546678
2018-03-01 04:13:00,0,0.33759058175507406,0.39488189624261455
2018-03-01 04:14:00,0,0.24424023258546826,0.3388270920282964
2018-03-01 04:15:00,0,0.18258099582066653,0.28392296786461124
2018-03-01 04:16:00,0,0.24395943477506601,0.3465249494409099
2018-03-01 04:17:00,0,0.24430115010833933,0.348047602920432
2018-03-01 04:18:00,0,0.20978573481273385,0.2922776090953491
2018-03-01 04:19:00,0,0.2267214804885861,0.3139252601541755
2018-03-01 04:20:00,0,0.07951479005221614,0.20144218896609897
2018-03-01 04:21:00,0,0.24930410986833998,0.3661459439048494
2018-03-01 04:22:00,0,0.27553916343759693,0.39946623456020675
2018-03-01 04:23:00,0,0.16561755212104368,0.2669526010235029
2018-03-01 04:24:00,0,0.3276620388906733,0.36472544738871543
2018-03-01 04:25:00,0,0.15757892622216563,0.29193465374395705
2018-03-01 04:26:00,0,0.353503162701129,0.4605080756321886
2018-03-01 04:27:00,0,1.1262706100642,0.7481072269506429
2018-03-01 04:28:00,0,0.2456957435806414,0.32732506462540056
2018-03-01 04:29:00,0,0.5631160395964115,0.43873670233777196
2018-03-01 04:30:00,0,0.5467276937240259,0.5468700517084001
2018-03-01 04:31:00,0,0.21085982670481968,0.3183668239658864
2018-03-01 04:32:00,0,0.136966867010169,0.2183165833389415
2018-03-01 04:33:00,0,0.16313181512802488,0.28895994361292154
2018-03-01 04:34:00,0,0.20162575645433933,0.2806651373406846
2018-03-01 04:35:00,0,0.2873327743274039,0.39614463220583285
2018-03-01 04:36:00,0,0.3254308593098049,0.4004656393568094
2018-03-01 04:37:00,0,0.3765819337304396,0.43922904049649525
2018-03-01 04:38:00,0,0.1362240030789397,0.26800324104408363
2018-03-01 04:39:00,0,0.13931048659304604,0.28371930375028176
2018-03-01 04:40:00,0,0.6949035055094889,0.5753306078621769
2018-03-01 04:41:00,0,0.17211127357556277,0.30595550333553884
2018-03-01 04:42:00,0,0.45509016898497523,0.47494399803100307
2018-03-01 04:43:00,0,0.1718620504274956,0.23996479782602723
2018-03-01 04:44:00,0,0.20932340750616563,0.34612537317411063
2018-03-01 04:45:00,0,0.33986138702018304,0.4337245999028331
2018-03-01 04:46:00,0,0.19710206686322487,0.27716017566862255
2018-03-01 04:47:00,0,0.5160980819054506,0.5211559195181912
2018-03-01 04:48:00,0,0.27614174905554384,0.40475685318376464
2018-03-01 04:49:00,0,0.1442667716720551,0.2675943353884232
2018-03-01 04:50:00,0,0.25649406468953356,0.3218581218229925
2018-03-01 04:51:00,0,0.18128187735597923,0.30726886445717777
2018-03-01 04:52:00,0,0.27739718146577413,0.40608403259261705
2018-03-01 04:53:00,0,0.08207383460105645,0.2144187294031226
2018-03-01 04:54:00,0,0.2693073743244444,0.3557982960076837
2018-03-01 04:55:00,0,0.1861098794107563,0.3332038433768492
2018-03-01 04:56:00,0,0.19068560224824546,0.3195069696238791
2018-03-01 04:57:00,0,0.34544270255662457,0.4061581238826866
2018-03-01 04:58:00,0,0.19854160726822284,0.34750441135051735
2018-03-01 04:59:00,0,0.5889057323819314,0.53213040617277
2018-03-01 05:00:00,0,0.2411683715142784,0.3500560543047305
2018-03-01 05:01:00,0,0.3220445481674374,0.3947535537923842
2018-03-01 05:02:00,0,0.15313388225593844,0.2894271263432453
2018-03-01 05:03:00,0,1.0156852128378733,0.695800606589193
2018-03-01 05:04:00,0,0.3951476090130773,0.36461563867870955
2018-03-01 05:05:00,0,0.3605946143441747,0.41375405246359315
2018-03-01 05:06:00,0,0.3096193961690928,0.3626568833974154
2018-03-01 05:07:00,0,0.6491421226486394,0.5773851344367941
2018-03-01 05:08:00,0,0.5687194296007592,0.44571487683290884
2018-03-01 05:09:00,0,0.34697708263153204,0.42386436185279464
2018-03-01 05:10:00,0,0.8641940179561991,0.5319236291855727
2018-03-01 05:11:00,0,1.4427496313168904,0.6891935628778909
2018-03-01 05:12:00,0,0.345015668447447,0.432248667199986
2018-03-01 05:13:00,0,0.43675313472081956,0.3571755311876945
2018-03-01 05:14:00,0,0.5780753639561984,0.548887041299175
2018-03-01 05:15:00,0,0.6759451322640687,0.596268758050047
2018-03-01 05:16:00,0,0.42620407347010447,0.4467616427381376
2018-03-01 05:17:00,0,0.410943308788851,0.45573056818982266
2018-03-01 05:18:00,0,0.1129029498342882,0.25068737231352534
2018-03-01 05:19:00,0,0.3860444974102379,0.4245994564683858
2018-03-01 05:20:00,0,0.48259921610193957,0.5006387711019997
2018-03-01 05:21:00,0,0.2970430895446444,0.3848593128394393
2018-03-01 05:22:00,0,0.5766605858958173,0.509419908437405
2018-03-01 05:23:00,0,0.26027418295543703,0.3390352397141902
2018-03-01 05:24:00,0,1.251916176070557,0.8212943864387912
2018-03-01 05:25:00,0,0.8650721085636339,0.6739704856944049
2018-03-01 05:26:00,0,0.8696358440744095,0.6876419831394259
2018-03-01 05:27:00,0,0.383007257244986,0.44768464138618547
2018-03-01 05:28:00,0,0.34995811119672815,0.4451619135896599
2018-03-01 05:29:00,0,0.46303849714667167,0.5081203070194422
2018-03-01 05:30:00,0,15.505879464662318,2.08767445289729
2018-03-01 05:31:00,0,1.6831107162316952,0.8799360292327015
2018-03-01 05:32:00,0,0.9971298086934555,0.7056523749224238
2018-03-01 05:33:00,0,1.5570585288422893,0.6805102836629591
2018-03-01 05:34:00,0,0.4088173352183316,0.43812433722341293
2018-03-01 05:35:00,0,0.6783798905368165,0.5306175367233803
2018-03-01 05:36:00,0,13.557998732117275,1.452874609574245
2018-03-01 05:37:00,0,1.5331779534664685,0.7892083030460197
2018-03-01 05:38:00,0,3.849640703624069,0.8800919683234278
2018-03-01 05:39:00,0,0.677095192909654,0.527605512739347
2018-03-01 05:40:00,0,3.4995067186991204,1.1051333156211252
2018-03-01 05:41:00,0,1.234603007431772,0.6986087942447797
2018-03-01 05:42:00,0,3.8134332961011848,0.9417128506652857
2018-03-01 05:43:00,0,1.108410450213747,0.6662773938427929
2018-03-01 05:44:00,0,0.4214396431825324,0.4657949287475177
2018-03-01 05:45:00,0,6.314945464549361,1.3324837472522049
2018-03-01 08:26:00,0,27.009066168492843,2.4426191360910954
2018-03-01 08:27:00,0,0.2816946874740918,0.391507908124669
2018-03-01 08:28:00,0,0.9560643364390676,0.6396819191035581
2018-03-01 08:29:00,0,0.2761364911122907,0.32792542939339664
2018-03-01 08:30:00,0,0.3054535653957651,0.38985009956659067
2018-03-01 08:31:00,0,0.832455456800518,0.693113747219796
2018-03-01 08:32:00,0,0.31069577363181294,0.3487123671483682
2018-03-01 08:33:00,0,0.21316432669356813,0.29444216361139175
2018-03-01 08:34:00,0,0.22877934985686993,0.350496875946675
2018-03-01 08:35:00,0,0.25203098862134626,0.36110210913458574
2018-03-01 08:36:00,0,0.06849016576571833,0.18708121958899912
2018-03-01 08:37:00,0,0.2881008814034115,0.373339851232524
2018-03-01 08:38:00,0,0.6684026109221888,0.6005653838460497
2018-03-01 08:39:00,0,0.5160967372303094,0.5303277393815425
2018-03-01 08:40:00,0,0.15155750693150152,0.30883386827493836
2018-03-01 08:41:00,0,0.1896251891298271,0.3168206970113998
2018-03-01 08:42:00,0,0.5499080238738935,0.526810975342684
2018-03-01 08:43:00,0,0.32213832358530614,0.35337382039041937
2018-03-01 08:44:00,0,0.4982194803074224,0.3993584204880891
2018-03-01 08:45:00,0,0.4820404256645977,0.5180616846516269
2018-03-01 08:46:00,0,0.8623195395996266,0.6522550311946917
2018-03-01 08:47:00,0,0.43114841808286924,0.472471877028017
2018-03-01 08:48:00,0,0.2820656887094084,0.3896149742879164
2018-03-01 08:49:00,0,0.08301070202631355,0.2127456608157018
2018-03-01 08:50:00,0,0.24498831410616698,0.37253225370056453
2018-03-01 08:51:00,0,0.04759652353714643,0.1561797509735093
2018-03-01 08:52:00,0,0.1451116768438739,0.2949810220393676
2018-03-01 08:53:00,0,0.05339271987118106,0.1374096114323073
2018-03-01 08:54:00,0,0.24843308411806292,0.34004743765184
2018-03-01 08:55:00,0,0.6537125292278764,0.592014086794444
2018-03-01 08:56:00,0,0.08409147902846578,0.1999933663043261
2018-03-01 08:57:00,0,0.2746155500477207,0.3787232954705581
2018-03-01 08:58:00,0,0.4881513899834778,0.49384071761011217
2018-03-01 08:59:00,0,0.09195250157733365,0.20753556605460863
2018-03-01 09:00:00,0,0.6870016542106505,0.5534343259262997
2018-03-01 09:01:00,0,0.2118685659239938,0.3429227461864418
2018-03-01 09:02:00,0,0.1785595263243382,0.29861437787133555
2018-03-01 09:03:00,0,0.20516553751052102,0.30050680329785007
2018-03-01 09:04:00,0,0.44387684039833686,0.4576543450319181
2018-03-01 09:05:00,0,0.17162018637940663,0.2981569307565617
2018-03-01 09:06:00,0,0.6217819457879783,0.5969965321489187
2018-03-01 09:07:00,0,0.19160843955673312,0.32041136260881836
2018-03-01 09:08:00,0,0.2884643427611528,0.3745642699697728
2018-03-01 09:09:00,0,0.33402852783418957,0.3851570371562461
2018-03-01 09:10:00,0,0.26462805731729505,0.3360254249189644
2018-03-01 09:11:00,0,0.17539178467935262,0.2783391202210812
2018-03-01 09:12:00,0,0.6085602034686154,0.5538298956527685
2018-03-01 09:13:00,0,0.431827121792305,0.44735552281174457
2018-03-01 09:14:00,0,0.6059671675203037,0.5325991774402273
2018-03-01 09:15:00,0,0.38264080926097116,0.4217999754382013
2018-03-01 09:16:00,0,0.34772381635572497,0.400163841947572
2018-03-01 09:17:00,0,0.47121920475954804,0.5317063861278477
2018-03-01 09:18:00,0,0.2617262164174594,0.37142248972939723
2018-03-01 09:19:00,0,0.221464912680978,0.3631423110591668
2018-03-01 09:20:00,0,0.22401602601863377,0.3490456433300522
2018-03-01 09:21:00,0,0.16001565541313767,0.29642843766654786
2018-03-01 09:22:00,0,0.1194680026481709,0.2639475261964813
2018-03-01 09:23:00,0,0.26327300602774045,0.36927473711757886
2018-03-01 09:24:00,0,0.10114317631825127,0.17077485293619282
2018-03-01 09:25:00,0,0.29176614351576724,0.3577393885113339
2018-03-01 09:26:00,0,0.2552815948647145,0.33894189598828806
2018-03-01 09:27:00,0,0.18999651482460028,0.28234551050423345
2018-03-01 09:28:00,0,0.11679209870637726,0.22300993754322457
2018-03-01 09:29:00,0,0.23852957578653847,0.34672905703789375
2018-03-01 09:30:00,0,0.17106705540031175,0.2967175436355083
2018-03-01 09:31:00,0,0.062195206968820145,0.15812537904191795
2018-03-01 09:32:00,0,0.10681807491608207,0.24459170366833566
2018-03-01 09:33:00,0,0.20768082315684017,0.2827368319257845
2018-03-01 09:34:00,0,0.4110129340845826,0.4793886477991375
2018-03-01 09:35:00,0,0.17548745628070836,0.30909226594779765
2018-03-01 09:36:00,0,0.26820727803624045,0.36419955555667904
2018-03-01 09:37:00,0,0.41396546834074927,0.45819376326495526
2018-03-01 09:38:00,0,0.20222781632330605,0.32937812046561465
2018-03-01 09:39:00,0,0.15138097217318378,0.2536637834614805
2018-03-01 09:40:00,0,0.21922283988384683,0.3019820160943734
2018-03-01 09:41:00,0,0.3024885561945839,0.3879536262781806
2018-03-01 09:42:00,0,0.4156055388463498,0.49323498716231723
2018-03-01 09:43:00,0,0.8430588009104244,0.6041763275371727
2018-03-01 09:44:00,0,0.13949086698519617,0.26061970372784543
2018-03-01 09:45:00,0,0.2689948003934486,0.3758080688427782
2018-03-01 09:46:00,0,0.29083777004168776,0.42315455990857054
2018-03-01 09:47:00,0,0.23734168780604706,0.317274629660283
2018-03-01 09:48:00,0,0.10018367648035391,0.22776819065456338
2018-03-01 09:49:00,0,0.7958055378763317,0.45122755636888906
2018-03-01 09:50:00,0,0.10214473403923374,0.23593221301865364
2018-03-01 09:51:00,0,5.905920047736927,0.8778841752302161
2018-03-01 09:52:00,0,0.7505801849597681,0.6360288458374288
2018-03-01 09:53:00,0,0.5075536743593941,0.5032116521642314
2018-03-01 09:54:00,0,0.18121444963273936,0.30415563334512247
2018-03-01 09:55:00,0,0.18694368772634934,0.2785946076572722
2018-03-01 09:56:00,0,0.09183429535921887,0.21982455983320925
2018-03-01 09:57:00,1,0.24128626865017033,0.32484005603293553
2018-03-01 09:58:00,1,1.440500377568298,0.7669582449933637
2018-03-01 09:59:00,1,0.39695655052195017,0.36710176676109196
2018-03-01 10:00:00,1,0.5950756053572217,0.5147637211533301
2018-03-01 10:01:00,1,0.09901808841148263,0.19544026749629265
2018-03-01 10:02:00,1,1.112986385346338,0.6938411566982573
2018-03-01 10:03:00,1,229.2945193133401,3.0358663139596316
2018-03-01 10:04:00,1,0.42608275396334333,0.3898611883186117
2018-03-01 10:05:00,1,0.38452154645440273,0.4386152052843382
2018-03-01 10:06:00,1,0.6230634737026167,0.5913919627070799
2018-03-01 10:07:00,1,0.43814601894991784,0.45991597771644066
2018-03-01 10:08:00,1,0.40698609079622267,0.4629028326228551
2018-03-01 10:09:00,1,213.31016992168833,2.9383456383791238
2018-03-01 10:10:00,1,4.635410266088379,0.702938199998988
2018-03-01 10:11:00,1,71.29401587690741,1.8019260696554156
2018-03-01 10:12:00,1,21.39491714133798,1.1364922580065884
2018-03-01 10:13:00,1,43.658036191412414,1.3049683456239836
2018-03-01 10:14:00,1,20.930314477463913,2.4272409061666482
2018-03-01 10:15:00,1,3.220816762986928,0.6896593113877191
2018-03-01 10:16:00,1,47.32175367024144,1.5998759968034633
2018-03-01 10:17:00,1,54.84495139122972,1.8284547831255948
2018-03-01 10:18:00,1,6.669486737019105,0.71700691300234
2018-03-01 10:19:00,1,61.39956253235228,1.662667999512147
2018-03-01 10:20:00,1,0.11927444308420146,0.26550932981322395
2018-03-01 10:21:00,1,48.93655545289193,1.5144749553637182
2018-03-01 10:22:00,1,21.435536069852347,2.605217171987381
2018-03-01 10:23:00,1,15.071728167091711,1.244950333198138
2018-03-01 10:24:00,1,20.62005909544909,2.4066413523230903
2018-03-01 10:25:00,1,31.029891171309696,1.3692194504874384
2018-03-01 10:26:00,1,11.390907508929223,0.8305545810764094
2018-03-01 10:27:00,1,19.11520716004284,2.4960887161677805
2018-03-01 10:28:00,1,23.975292659775967,1.095724430679947
2018-03-01 10:29:00,1,21.856835547841495,1.165550945243712
2018-03-01 10:30:00,1,0.5836750924535772,0.5073455329501542
2018-03-01 10:31:00,1,0.37760557565388725,0.4127986818360885
2018-03-01 10:32:00,1,11.059911715899258,0.9718035833152225
2018-03-01 10:33:00,1,0.5553671991150289,0.5327102126387437
2018-03-01 10:34:00,1,2.934939116541631,0.9055015012314716
2018-03-01 10:35:00,1,0.43680651503661305,0.4648194441718712
2018-03-01 10:36:00,1,2.1337581214791825,0.7861467650826908
2018-03-01 10:37:00,1,22.56889083375071,1.3796747698659053
2018-03-01 10:38:00,1,80.75596573534438,1.7795591232658208
2018-03-01 10:39:00,1,149.2682401920418,2.667106489256034
2018-03-01 10:40:00,1,19.52236707209342,2.554712330314558
2018-03-01 10:41:00,1,44.45318886834964,1.3816785997901209
2018-03-01 10:42:00,1,157.05182309353938,2.6395696233179655
2018-03-01 10:43:00,1,39.773541180170845,1.4538196112580026
2018-03-01 10:44:00,1,12.699542150113835,0.9346396152634843
2018-03-01 10:45:00,1,0.260862329817248,0.37342868224871434
2018-03-01 10:46:00,1,19.18724947437605,1.067310046200179
2018-03-01 10:47:00,1,13.76089549516417,2.2323596408050532
2018-03-01 10:48:00,1,60.041435902953076,2.0475730084631882
2018-03-01 10:49:00,1,18.23732288597268,2.442938004694223
2018-03-01 10:50:00,1,43.13671923463046,1.6520925272325901
2018-03-01 10:51:00,1,16.344436830966277,2.3882974958181844
2018-03-01 10:52:00,1,12.43765031271284,2.1049623283238255
2018-03-01 10:53:00,1,0.8172927321657018,0.6544521040645646
2018-03-01 10:54:00,1,9.145281098932047,0.8710819857896981
2018-03-01 10:55:00,0,7.162577307881844,0.9842532478521745
2018-03-01 10:56:00,0,1.2870390617126926,0.8343912164073324
2018-03-01 10:57:00,0,0.5553572821421131,0.5712257036741419
2018-03-01 10:58:00,0,0.3084571221644379,0.42257267028185996
2018-03-01 10:59:00,0,0.27423139037523736,0.3554847199014105
2018-03-01 11:00:00,0,0.9582705753529441,0.6388231125927463
2018-03-01 11:01:00,0,0.49155874178239695,0.44795792688365876
2018-03-01 11:02:00,0,0.18043007176348372,0.2983396963162023
2018-03-01 11:03:00,0,0.2500859226733768,0.3518014092847276
2018-03-01 11:04:00,0,0.48758424451849636,0.46583627444368886
2018-03-01 11:05:00,0,0.14184623144811165,0.2635514760727637
2018-03-01 11:06:00,0,0.28962000972517704,0.3894947874890817
2018-03-01 11:07:00,0,0.2402011411396927,0.2876968247367743
2018-03-01 11:08:00,0,0.4676376248634364,0.3425927811288318
2018-03-01 11:09:00,0,0.15980926323770736,0.2847330596313772
2018-03-01 11:10:00,0,0.4094703028050903,0.45774199692051065
2018-03-01 11:11:00,0,0.28054175527750186,0.3529021760423205
2018-03-01 11:12:00,0,0.1192129565991667,0.2563612329114445
2018-03-01 11:13:00,0,0.8741460550353433,0.7010922911243875
2018-03-01 11:14:00,0,0.4158145287702718,0.48748319660169476
2018-03-01 11:15:00,0,0.3513199231090565,0.4334405500161373
2018-03-01 11:16:00,0,0.5839539509089087,0.49824179719270273
2018-03-01 11:17:00,0,0.7007479134577113,0.6267930291651308
2018-03-01 11:18:00,0,0.24025736624170546,0.34490393122440544
2018-03-01 11:19:00,0,0.19801232607443547,0.2996513771567084
2018-03-01 11:20:00,0,0.21971207989739608,0.30416181209695997
2018-03-01 11:21:00,0,0.6272403997687187,0.5801103125756879
2018-03-01 11:22:00,0,0.4246809303077459,0.3649588030683906
2018-03-01 11:23:00,0,0.2560153865481087,0.3382008970457793
2018-03-01 11:24:00,0,1.071751824557639,0.7544913170644857
2018-03-01 11:25:00,0,0.39089915291787736,0.41128611762346845
2018-03-01 11:26:00,0,0.06656491644161103,0.18705883072998844
2018-03-01 11:27:00,0,1.0573491494412726,0.6139519129525408
2018-03-01 11:28:00,0,0.3568178455847489,0.38369375382761894
2018-03-01 11:29:00,0,0.19556493277025705,0.3044450771287613
2018-03-01 11:30:00,0,0.23849700025526735,0.30476402421780296
2018-03-01 11:31:00,0,0.2763981963949479,0.39681982734240623
2018-03-01 11:32:00,0,0.4368706446277695,0.40275877468983423
2018-03-01 11:33:00,0,0.20362015016937704,0.3118053206867583
2018-03-01 11:34:00,0,0.15574381515342076,0.2975369804401524
2018-03-01 11:35:00,0,0.06570963662898544,0.1855738133904947
2018-03-01 11:36:00,0,0.24363234544668413,0.27556358955141913
2018-03-01 11:37:00,0,0.1601065791739748,0.29389384037732597
2018-03-01 11:38:00,0,0.09556464757188148,0.2098781654558768
2018-03-01 11:39:00,0,0.41555498784046563,0.48089010037486807
2018-03-01 11:40:00,0,0.12976013932070452,0.28417993156418914
2018-03-01 11:41:00,0,0.28195617650073107,0.3845409408669403
2018-03-01 11:42:00,0,0.2864356865093972,0.3904492373389662
2018-03-01 11:43:00,0,0.1283715751000252,0.2578931452281913
2018-03-01 11:44:00,0,0.3876600194980531,0.42935230405900676
2018-03-01 11:45:00,0,0.2103921674198481,0.3453082197737654
2018-03-01 11:46:00,0,0.28025727429870895,0.40326500489888406
2018-03-01 11:47:00,0,0.6004634587305402,0.5486110689655748
2018-03-01 11:48:00,0,0.175316738579679,0.3123224975001097
2018-03-01 11:49:00,0,0.18181440546338462,0.30782698656450513
2018-03-01 11:50:00,0,0.2828735358246882,0.36844914489909264
2018-03-01 11:51:00,0,0.24331366757111728,0.3603413345862337
2018-03-01 11:52:00,0,0.12040275855947155,0.2660887753844633
2018-03-01 11:53:00,0,6.012841384741868,0.743126640060801
2018-03-01 11:54:00,0,0.16626832143005985,0.29359774672715994
2018-03-01 11:55:00,0,0.2628078774817673,0.3956091568086545
2018-03-01 11:56:00,0,0.1116263071899646,0.2562422986656537
2018-03-01 11:57:00,0,0.3852341137789732,0.4782704770962043
2018-03-01 11:58:00,0,0.0958529628258615,0.23214016095408838
2018-03-01 11:59:00,0,0.12474858696121764,0.27258704250577154
2018-03-01 12:00:00,0,0.17658643507953145,0.29212265873856247
2018-03-01 12:01:00,0,0.23076259352248107,0.3351823401271426
2018-03-01 12:02:00,0,0.20388261167609248,0.30341385140538546
2018-03-01 12:03:00,0,0.06469158860856905,0.1793929005087193
2018-03-01 12:04:00,0,0.3632749976650493,0.4461778460330195
2018-03-01 12:05:00,0,0.18014497368592747,0.3251345697365092
2018-03-01 12:06:00,0,0.05596378694780406,0.16261723193193886
2018-03-01 12:07:00,0,0.44212264669787255,0.5010566819698022
2018-03-01 12:08:00,0,0.8485166387947987,0.7142222644816981
2018-03-01 12:09:00,0,0.2080448533130186,0.3384705388540745
2018-03-01 12:10:00,0,0.23268883507143434,0.3651718382573018
2018-03-01 12:11:00,0,0.7551151171749745,0.6575913095326409
2018-03-01 12:12:00,0,1.4038870154311132,0.8636792129877596
2018-03-01 12:13:00,0,1.1830484519619104,0.7584488511938045
2018-03-01 12:14:00,0,0.39188179512226745,0.4149528141345059
2018-03-01 12:15:00,0,0.591866838007522,0.5500395717326663
2018-03-01 12:16:00,0,0.525845003040371,0.4628328238550545
2018-03-01 12:17:00,0,0.4433072285801777,0.4960293252528399
2018-03-01 12:18:00,0,0.6236758576655194,0.5931158629972071
2018-03-01 12:19:00,0,0.37476716342647515,0.4539867895787743
2018-03-01 12:20:00,0,0.5682670980149055,0.5746151871237117
2018-03-01 12:21:00,0,0.7958735009861629,0.6629139790007933
2018-03-01 12:22:00,0,0.671475912720206,0.6561522575121587
2018-03-01 12:23:00,0,0.9051833512054311,0.7070115893435205
2018-03-01 12:24:00,0,0.2701084086991101,0.36130362513354847
2018-03-01 12:25:00,0,0.872549539829235,0.7054660556427462
2018-03-01 12:26:00,0,1.0612640486199063,0.7776978908410908
2018-03-01 12:27:00,0,0.48918108171691793,0.5073706049237025
2018-03-01 12:28:00,0,0.599713752661212,0.5540116512880017
2018-03-01 12:29:00,0,0.4379252217589708,0.4927973573563701
2018-03-01 12:30:00,0,0.9685907363059387,0.6825229784343305
2018-03-01 12:31:00,0,1.074387996965335,0.7785857025337513
2018-03-01 12:32:00,0,1.4815965706719845,0.9174289852546303
2018-03-01 12:33:00,0,1.725121325288119,1.0015041417137402
2018-03-01 12:34:00,0,1.5258116334176555,0.9025642351337252
2018-03-01 12:35:00,0,1.7660985386335821,1.0278356531764528
2018-03-01 12:36:00,0,0.40498791374479864,0.4423662346958538
2018-03-01 12:37:00,0,0.23301436473934115,0.32991763409601293
2018-03-01 12:38:00,0,0.9092459688771264,0.7126727648375996
2018-03-01 12:39:00,0,1.1886161341088217,0.7701017349873671
2018-03-01 12:40:00,0,0.7272111199823054,0.6532440026138272
2018-03-01 12:41:00,0,1.100937153554708,0.8336456885919542
2018-03-01 12:42:00,0,0.6908966281238946,0.5794476827964912
2018-03-01 12:43:00,0,0.8593903799080614,0.7094177933870429
2018-03-01 12:44:00,0,1.7277454911408874,1.0163791426995918
2018-03-01 12:45:00,0,0.22757551897904993,0.35409855351810926
2018-03-01 12:46:00,0,0.8677265689578003,0.666857530668605
2018-03-01 12:47:00,0,1.3017562042971844,0.8682178812328026
2018-03-01 12:48:00,0,0.7408312802302107,0.644240230133982
2018-03-01 12:49:00,0,1.4668917269673418,0.9653801282786421
2018-03-01 12:50:00,0,0.2779274536946933,0.395341364930107
2018-03-01 12:51:00,0,0.4150447189310779,0.46647454239943564
2018-03-01 12:52:00,0,1.0749742323204596,0.771499034083889
2018-03-01 12:53:00,0,0.9125457199109615,0.74246651762114
2018-03-01 12:54:00,0,0.18972945297315993,0.32588958467347473
2018-03-01 12:55:00,0,0.44839457171033553,0.4936657379680323
2018-03-01 12:56:00,0,0.4833351417371455,0.5391938979543907
2018-03-01 12:57:00,0,0.8287381504133476,0.620619111250069
2018-03-01 12:58:00,0,1.2422339131936753,0.8243588107881492
2018-03-01 12:59:00,0,0.9297239688325784,0.706616323055261
